event_id,commence_time,home_team,away_team,bookmaker,spread,total,h1_spread,h1_total,is_march_madness,timestamp
2974297a77cc41006fe1eda1dd271663,2025-12-28T01:00:00Z,Stanford Cardinal,CSU Northridge Matadors,draftkings,-15.5,160.5,-9.5,76.5,False,2025-12-28T00:55:37Z
09872ae5b52ce152c6d9e7946a00540b,2025-12-28T19:00:00Z,Boston College Eagles,Le Moyne Dolphins,draftkings,-12.5,146.5,-7.5,69.5,False,2025-12-28T18:55:37Z
290b97cd296cdb6bf4e56b58bb94914c,2025-12-28T19:00:00Z,Colgate Raiders,Harvard Crimson,draftkings,-3.5,141.5,-1.5,66.5,False,2025-12-28T18:55:37Z
7127e04261d7d7f4d60f128c1c6abe64,2025-12-28T19:00:00Z,North Florida Ospreys,Columbia Lions,draftkings,11.5,162.5,6.5,77.5,False,2025-12-28T18:55:37Z
ce461a73e97b94ede290e684110e4835,2025-12-28T19:00:00Z,Georgia Tech Yellow Jackets,Florida A&M Rattlers,draftkings,-19.5,146.5,-11.5,70.5,False,2025-12-28T18:55:37Z
360327f55ff0095c4dacd925396a8225,2025-12-28T19:00:00Z,Florida Int'l Golden Panthers,Liberty Flames,draftkings,4.5,152.5,2.5,71.5,False,2025-12-28T18:55:37Z
c45a2c0c069ab2f403ec0975e2d87c0b,2025-12-28T19:00:00Z,Kansas St Wildcats,UL Monroe Warhawks,draftkings,-32.5,169.5,-18.5,81.5,False,2025-12-28T18:55:37Z
aea2547b8ad0bbf4a9b0caeaa228bcbe,2025-12-28T19:00:00Z,Texas Tech Red Raiders,Winthrop Eagles,draftkings,-18.5,163.5,-10.5,78.5,False,2025-12-28T18:55:37Z
d04830d2c2b9d291d2a94cd096776dc8,2025-12-28T20:00:00Z,SMU Mustangs,CSU Fullerton Titans,draftkings,-21.5,170.5,-12.5,82.5,False,2025-12-28T19:55:37Z
15b89ec094a4ceab14e272a8ad97d520,2025-12-28T20:00:00Z,Colorado Buffaloes,N Colorado Bears,draftkings,-15.5,158.5,-8.5,75.5,False,2025-12-28T19:55:37Z
5be2d347fd790ad11d2d37fab01c0a3d,2025-12-28T20:00:00Z,Louisiana Ragin' Cajuns,Norfolk St Spartans,draftkings,-3.5,126.5,-1.5,59.5,False,2025-12-28T19:55:37Z
a846b6c3094d55699cce64f328563f45,2025-12-28T21:00:00Z,Richmond Spiders,Charleston Southern Buccaneers,draftkings,-11.5,159.5,-6.5,75.5,False,2025-12-28T20:55:38Z
61884236341d1a528487a468ea0ebb4e,2025-12-28T22:00:00Z,George Mason Patriots,Pennsylvania Quakers,draftkings,-16.5,146.5,-9.5,68.5,False,2025-12-28T21:55:37Z
1838018193374fa351f425cd26f48276,2025-12-28T22:00:00Z,Portland Pilots,Washington St Cougars,draftkings,3.5,152.5,1.5,72.5,False,2025-12-28T21:55:37Z
ca0bb76e206aff0dfba4fd857ba7a423,2025-12-28T23:00:00Z,Maryland Terrapins,Old Dominion Monarchs,draftkings,-14.5,154.5,-8.5,73.5,False,2025-12-28T22:55:37Z
6a58686ae0722f51e0e1d033a4f13b84,2025-12-28T23:00:00Z,Oregon St Beavers,Santa Clara Broncos,draftkings,7.5,150.5,3.5,70.5,False,2025-12-28T22:55:37Z
0641ae0fcefda9d12cb14c1f8b780760,2025-12-28T23:00:00Z,San Diego Toreros,Pacific Tigers,draftkings,2.5,150.5,1.5,70.5,False,2025-12-28T22:55:37Z
345810c0ee4e6195fb79f5a414e53f9d,2025-12-29T00:00:00Z,Loyola Marymount Lions,Saint Mary's Gaels,draftkings,9.5,143.5,5.5,67.5,False,2025-12-28T23:55:39Z
6240904a4f785ad8cdd9e4fc37139331,2025-12-29T01:00:00Z,Pepperdine Waves,Gonzaga Bulldogs,draftkings,29.5,152.5,16.5,73.5,False,2025-12-29T00:55:37Z
8561dff7296b8077d9ab7162937cb626,2025-12-29T01:00:00Z,Oregon Ducks,Omaha Mavericks,draftkings,-21.5,151.5,-12.5,72.5,False,2025-12-29T00:55:37Z
89c7b9cd25b4a0b0d7c4534458230351,2025-12-29T01:00:00Z,Seattle Redhawks,San Francisco Dons,draftkings,-2.5,146.5,-1.5,68.5,False,2025-12-29T00:55:37Z
09872ae5b52ce152c6d9e7946a00540b,2025-12-28T19:00:00Z,Boston College Eagles,Le Moyne Dolphins,draftkings,-12.5,146.5,-7.5,69.5,False,2025-12-28T18:55:37Z
290b97cd296cdb6bf4e56b58bb94914c,2025-12-28T19:00:00Z,Colgate Raiders,Harvard Crimson,draftkings,-3.5,141.5,-1.5,66.5,False,2025-12-28T18:55:37Z
7127e04261d7d7f4d60f128c1c6abe64,2025-12-28T19:00:00Z,North Florida Ospreys,Columbia Lions,draftkings,11.5,162.5,6.5,77.5,False,2025-12-28T18:55:37Z
ce461a73e97b94ede290e684110e4835,2025-12-28T19:00:00Z,Georgia Tech Yellow Jackets,Florida A&M Rattlers,draftkings,-19.5,146.5,-11.5,70.5,False,2025-12-28T18:55:37Z
360327f55ff0095c4dacd925396a8225,2025-12-28T19:00:00Z,Florida Int'l Golden Panthers,Liberty Flames,draftkings,4.5,152.5,2.5,71.5,False,2025-12-28T18:55:37Z
c45a2c0c069ab2f403ec0975e2d87c0b,2025-12-28T19:00:00Z,Kansas St Wildcats,UL Monroe Warhawks,draftkings,-32.5,169.5,-18.5,81.5,False,2025-12-28T18:55:37Z
aea2547b8ad0bbf4a9b0caeaa228bcbe,2025-12-28T19:00:00Z,Texas Tech Red Raiders,Winthrop Eagles,draftkings,-18.5,163.5,-10.5,78.5,False,2025-12-28T18:55:37Z
d04830d2c2b9d291d2a94cd096776dc8,2025-12-28T20:00:00Z,SMU Mustangs,CSU Fullerton Titans,draftkings,-21.5,170.5,-12.5,82.5,False,2025-12-28T19:55:37Z
15b89ec094a4ceab14e272a8ad97d520,2025-12-28T20:00:00Z,Colorado Buffaloes,N Colorado Bears,draftkings,-15.5,158.5,-8.5,75.5,False,2025-12-28T19:55:37Z
5be2d347fd790ad11d2d37fab01c0a3d,2025-12-28T20:00:00Z,Louisiana Ragin' Cajuns,Norfolk St Spartans,draftkings,-3.5,126.5,-1.5,59.5,False,2025-12-28T19:55:37Z
a846b6c3094d55699cce64f328563f45,2025-12-28T21:00:00Z,Richmond Spiders,Charleston Southern Buccaneers,draftkings,-11.5,159.5,-6.5,75.5,False,2025-12-28T20:55:38Z
61884236341d1a528487a468ea0ebb4e,2025-12-28T22:00:00Z,George Mason Patriots,Pennsylvania Quakers,draftkings,-16.5,146.5,-9.5,68.5,False,2025-12-28T21:55:37Z
1838018193374fa351f425cd26f48276,2025-12-28T22:00:00Z,Portland Pilots,Washington St Cougars,draftkings,3.5,152.5,1.5,72.5,False,2025-12-28T21:55:37Z
ca0bb76e206aff0dfba4fd857ba7a423,2025-12-28T23:00:00Z,Maryland Terrapins,Old Dominion Monarchs,draftkings,-14.5,154.5,-8.5,73.5,False,2025-12-28T22:55:37Z
6a58686ae0722f51e0e1d033a4f13b84,2025-12-28T23:00:00Z,Oregon St Beavers,Santa Clara Broncos,draftkings,7.5,150.5,3.5,70.5,False,2025-12-28T22:55:37Z
0641ae0fcefda9d12cb14c1f8b780760,2025-12-28T23:00:00Z,San Diego Toreros,Pacific Tigers,draftkings,2.5,150.5,1.5,70.5,False,2025-12-28T22:55:37Z
345810c0ee4e6195fb79f5a414e53f9d,2025-12-29T00:00:00Z,Loyola Marymount Lions,Saint Mary's Gaels,draftkings,9.5,143.5,5.5,67.5,False,2025-12-28T23:55:39Z
6240904a4f785ad8cdd9e4fc37139331,2025-12-29T01:00:00Z,Pepperdine Waves,Gonzaga Bulldogs,draftkings,29.5,152.5,16.5,73.5,False,2025-12-29T00:55:37Z
8561dff7296b8077d9ab7162937cb626,2025-12-29T01:00:00Z,Oregon Ducks,Omaha Mavericks,draftkings,-21.5,151.5,-12.5,72.5,False,2025-12-29T00:55:37Z
89c7b9cd25b4a0b0d7c4534458230351,2025-12-29T01:00:00Z,Seattle Redhawks,San Francisco Dons,draftkings,-2.5,146.5,-1.5,68.5,False,2025-12-29T00:55:37Z
ae2f309fdf0409a8b5d26fbbbc5f736f,2025-12-29T18:00:00Z,Penn State Nittany Lions,North Carolina Central Eagles,draftkings,-25.5,150.5,-14.5,69.5,False,2025-12-29T17:55:38Z
ed1e09046ef4d05fea0b2824cd175bff,2025-12-29T19:00:00Z,Delaware Blue Hens,Missouri St Bears,draftkings,1.5,131.5,0.5,62.5,False,2025-12-29T18:55:38Z
2e9effd6496ebc7993ea49b274fd9fb2,2025-12-29T19:00:00Z,Sacred Heart Pioneers,Merrimack Warriors,draftkings,-1.5,144.5,-0.5,67.5,False,2025-12-29T18:55:38Z
017c1ada1b6b467fba34f86f857c0ae5,2025-12-29T20:00:00Z,Illinois Fighting Illini,Southern Jaguars,draftkings,-33.5,163.5,-18.5,76.5,False,2025-12-29T19:55:37Z
5c864a01219475720d13e853de740fe0,2025-12-29T21:00:00Z,Quinnipiac Bobcats,Marist Red Foxes,draftkings,-2.5,145.5,-1.5,68.5,False,2025-12-29T20:55:38Z
057e2a67b0c54884de50b1ea16c611b7,2025-12-29T22:00:00Z,Iowa Hawkeyes,UMass Lowell River Hawks,draftkings,-33.5,145.5,-19.5,66.5,False,2025-12-29T21:55:37Z
845b76c54ada84c38b66d6ebec2035d5,2025-12-29T22:00:00Z,William & Mary Tribe,Towson Tigers,draftkings,-1.5,157.5,-1.5,74.5,False,2025-12-29T21:55:37Z
dc4398dfe27bf85542c0a2ef2b0429e3,2025-12-29T23:00:00Z,Coppin St Eagles,UMBC Retrievers,draftkings,10.5,148.5,6.5,69.5,False,2025-12-29T22:55:37Z
9d4d44e57733448c80f45f69c6c99b22,2025-12-29T23:00:00Z,Florida Gators,Dartmouth Big Green,draftkings,-35.5,160.5,-20.5,76.5,False,2025-12-29T22:55:37Z
e751f59f24a05de7143a8200e7f88e40,2025-12-29T23:30:00Z,Youngstown St Penguins,Detroit Mercy Titans,draftkings,-9.5,146.5,-5.5,69.5,False,2025-12-29T23:25:37Z
7cbecb420cf7e1588218463a1a59c648,2025-12-30T00:00:00Z,Indiana St Sycamores,Belmont Bruins,draftkings,7.5,159.5,3.5,75.5,False,2025-12-29T23:55:37Z
46d0b71463f8c00199a6bde752155fbe,2025-12-30T00:00:00Z,Hofstra Pride,Campbell Fighting Camels,draftkings,-7.5,149.5,-3.5,70.5,False,2025-12-29T23:55:37Z
6c648f6589a3e25ef6759efef6c8f59d,2025-12-30T00:00:00Z,Charleston Cougars,Drexel Dragons,draftkings,-8.5,142.5,-5.5,67.5,False,2025-12-29T23:55:37Z
03ea65ce519cb9a5ca30cbe5e72e54d2,2025-12-30T00:00:00Z,Cincinnati Bearcats,Lipscomb Bisons,draftkings,-14.5,151.5,-7.5,70.5,False,2025-12-29T23:55:37Z
1ca5e6b2120ffd5451b12f3644d00470,2025-12-30T00:00:00Z,Cleveland St Vikings,IUPUI Jaguars,draftkings,-1.5,172.5,-0.5,82.5,False,2025-12-29T23:55:37Z
913d5a8ea87d3326b92d85223148db6c,2025-12-30T00:00:00Z,Michigan St Spartans,Cornell Big Red,draftkings,-23.5,160.5,-14.5,75.5,False,2025-12-29T23:55:37Z
a7391f1bc83b4942db67350462a03eb5,2025-12-30T00:00:00Z,Rutgers Scarlet Knights,Delaware St Hornets,draftkings,-20.5,135.5,-12.5,61.5,False,2025-12-29T23:55:37Z
e0c63ee0957bb60f59dcc1aa3b9df4a1,2025-12-30T00:00:00Z,Elon Phoenix,Northeastern Huskies,draftkings,-4.5,153.5,-2.5,72.5,False,2025-12-29T23:55:37Z
46d3c15b763566a322f29688597a728a,2025-12-30T00:00:00Z,Fairfield Stags,Saint Peter's Peacocks,draftkings,-2.5,140.5,-1.5,65.5,False,2025-12-29T23:55:37Z
48da62192191e85c9ec85f036c8aa697,2025-12-30T00:00:00Z,Georgia Bulldogs,LIU Sharks,draftkings,-30.5,179.5,-17.5,85.5,False,2025-12-29T23:55:37Z
7fd335eccbd60dadb940c88594f2611f,2025-12-30T00:00:00Z,Hampton Pirates,Stony Brook Seawolves,draftkings,-2.5,140.5,-1.5,66.5,False,2025-12-29T23:55:37Z
861fd01c14b6ae3c432544f6f1cc9148,2025-12-30T00:00:00Z,Mt. St. Mary's Mountaineers,Iona Gaels,draftkings,2.5,153.5,1.5,72.5,False,2025-12-29T23:55:37Z
b4ac13e7fce703ac562b09f99d4bfe0b,2025-12-30T00:00:00Z,Jacksonville St Gamecocks,Western Kentucky Hilltoppers,draftkings,2.5,142.5,0.5,66.5,False,2025-12-29T23:55:37Z
e6f892cf6b6f0f1af4cfd883dd505b40,2025-12-30T00:00:00Z,Purdue Boilermakers,Kent State Golden Flashes,draftkings,-23.5,155.5,-13.5,74.5,False,2025-12-29T23:55:37Z
176752b6324edc7f1943b8c3cad8e17b,2025-12-30T00:00:00Z,Rider Broncs,Manhattan Jaspers,draftkings,2.5,147.5,1.5,69.5,False,2025-12-29T23:55:37Z
809051980e057f7b60788befa8bfb4a3,2025-12-30T00:00:00Z,Michigan Wolverines,McNeese Cowboys,draftkings,-23.5,161.5,,,False,2025-12-29T23:55:37Z
802a40173d2bd0be3b343f1454c216c6,2025-12-30T00:00:00Z,Murray St Racers,Southern Illinois Salukis,draftkings,-6.5,165.5,-3.5,78.5,False,2025-12-29T23:55:37Z
6358bb295c6b550e8b8e6a26132fdf0f,2025-12-30T00:00:00Z,Vanderbilt Commodores,New Haven Chargers,draftkings,-39.5,145.5,-22.5,69.5,False,2025-12-29T23:55:37Z
a04a015c8ffd6f02417254c260ac317e,2025-12-30T00:00:00Z,North Carolina A&T Aggies,UNC Wilmington Seahawks,draftkings,10.5,146.5,5.5,68.5,False,2025-12-29T23:55:37Z
6ac7d417502f96b677f7824a0530f6bb,2025-12-30T00:00:00Z,Robert Morris Colonials,Northern Kentucky Norse,draftkings,1.5,149.5,-0.5,70.5,False,2025-12-29T23:55:37Z
62eee5464a49998d7d26aacbf3a65d3c,2025-12-30T00:00:00Z,Wright St Raiders,Oakland Golden Grizzlies,draftkings,-3.5,159.5,-2.5,75.5,False,2025-12-29T23:55:37Z
cf087e956c6d68d29f155f614294fdd1,2025-12-30T00:30:00Z,Mississippi St Bulldogs,Alabama St Hornets,draftkings,-17.5,154.5,,,False,2025-12-30T00:25:37Z
5eee7dd465add29cd65ff36d67c2b092,2025-12-30T00:30:00Z,East Texas A&M Lions,Stephen F. Austin Lumberjacks,draftkings,4.5,146.5,,,False,2025-12-30T00:25:37Z
b0eefca5759cdcc51b709f0155fb4833,2025-12-30T00:30:00Z,Northwestern St Demons,Lamar Cardinals,draftkings,3.5,138.5,,,False,2025-12-30T00:25:37Z
01a77567d3f5e9cd1c8db18050c0465d,2025-12-30T00:30:00Z,Louisiana Tech Bulldogs,UTEP Miners,draftkings,-2.5,130.5,-1.5,61.5,False,2025-12-30T00:25:37Z
0738c3a355f7705887e73b0bf17ff71f,2025-12-30T00:30:00Z,UT Rio Grande Valley Vaqueros,New Orleans Privateers,draftkings,-6.5,152.5,,,False,2025-12-30T00:25:37Z
6a80d57f5324e2ba19389f3ed0dd07e5,2025-12-30T01:00:00Z,Alabama Crimson Tide,Yale Bulldogs,draftkings,-15.5,171.5,-8.5,82.5,False,2025-12-30T00:55:37Z
f5b793a95bc8a99c5842ca93fe8417fa,2025-12-30T01:00:00Z,Ole Miss Rebels,Alcorn St Braves,draftkings,-28.5,148.5,-16.5,69.5,False,2025-12-30T00:55:37Z
7fc9ae000fb61a36b61253e6e69415e7,2025-12-30T01:00:00Z,Arkansas Razorbacks,James Madison Dukes,draftkings,-22.5,159.5,-13.5,76.5,False,2025-12-30T00:55:37Z
fb8e97b97be8a421fe8fe31e84fef858,2025-12-30T01:00:00Z,Oklahoma St Cowboys,Bethune-Cookman Wildcats,draftkings,-20.5,164.5,-11.5,80.5,False,2025-12-30T00:55:37Z
1e93f89e094850071591e4b20ff94624,2025-12-30T01:00:00Z,Bradley Braves,Evansville Purple Aces,draftkings,-11.5,143.5,-6.5,67.5,False,2025-12-30T00:55:37Z
2bc6747bf549ebc1e3e4cd12da71bfc0,2025-12-30T01:00:00Z,Utah Valley Wolverines,Cal Baptist Lancers,draftkings,-7.5,148.5,-4.5,69.5,False,2025-12-30T00:55:37Z
5d8d9001d64592968e5a7aa160c5c78d,2025-12-30T01:00:00Z,Milwaukee Panthers,Fort Wayne Mastodons,draftkings,-3.5,156.5,-1.5,74.5,False,2025-12-30T00:55:37Z
beaa153f9448abcd8e80eb5ebfca9eac,2025-12-30T01:00:00Z,Iowa State Cyclones,Houston Christian Huskies,draftkings,-35.5,145.5,-20.5,70.5,False,2025-12-30T00:55:37Z
f8d66283310b413f1cfd67f9b4a5f7e0,2025-12-30T01:00:00Z,Houston Cougars,Middle Tennessee Blue Raiders,draftkings,-25.5,138.5,-15.5,65.5,False,2025-12-30T00:55:37Z
56134a47e7ba1396f9235e894dcde240,2025-12-30T01:00:00Z,TCU Horned Frogs,Jackson St Tigers,draftkings,-30.5,143.5,-17.5,69.5,False,2025-12-30T00:55:37Z
c41c49bd5c2fcc6f450f1982c0ca9a44,2025-12-30T01:00:00Z,LSU Tigers,Southern Miss Golden Eagles,draftkings,-21.5,154.5,-12.5,73.5,False,2025-12-30T00:55:37Z
115cbaa08954e1eb6f28aee5d46c1e12,2025-12-30T01:00:00Z,Oklahoma Sooners,Miss Valley St Delta Devils,draftkings,-44.5,153.5,-25.5,74.5,False,2025-12-30T00:55:37Z
255eb30176afad41c57333ff20bb4eef,2025-12-30T01:00:00Z,Northern Iowa Panthers,Valparaiso Beacons,draftkings,-8.5,131.5,-4.5,60.5,False,2025-12-30T00:55:37Z
b2aa7e09240416250b898a5c0461896a,2025-12-30T01:00:00Z,Texas A&M Aggies,Prairie View Panthers,draftkings,-29.5,176.5,-16.5,86.5,False,2025-12-30T00:55:37Z
1efaebd00630c87414117cb14fd0232c,2025-12-30T01:00:00Z,UT-Arlington Mavericks,Tarleton State Texans,draftkings,-2.5,136.5,-1.5,64.5,False,2025-12-30T00:55:37Z
6505adb917d7907b2d7425eb1b3c5874,2025-12-30T01:30:00Z,Texas A&M-CC Islanders,Nicholls St Colonels,draftkings,-5.5,137.5,,,False,2025-12-30T01:25:38Z
14ee0b03ba3c0a46ebcd1073c1546b03,2025-12-30T02:00:00Z,Arizona Wildcats,South Dakota St Jackrabbits,draftkings,-31.5,159.5,-17.5,76.5,False,2025-12-30T01:55:37Z
ca78993b752767049f77185c33c12341,2025-12-30T02:00:00Z,Drake Bulldogs,Illinois St Redbirds,draftkings,4.5,145.5,2.5,68.5,False,2025-12-30T01:55:37Z
f7424a04c66036abb5e2c6274f64fe7c,2025-12-30T02:00:00Z,Minnesota Golden Gophers,Fairleigh Dickinson Knights,draftkings,-25.5,139.5,-14.5,64.5,False,2025-12-30T01:55:37Z
ba9a703468344f618bd8ce54c1aead49,2025-12-30T02:00:00Z,Utah Tech Trailblazers,Southern Utah Thunderbirds,draftkings,-7.5,148.5,-4.5,70.5,False,2025-12-30T01:55:37Z
e2fc9dc3d8e8843558714718fb506809,2025-12-30T03:00:00Z,Auburn Tigers,Queens University Royals,draftkings,-24.5,171.5,-14.5,82.5,False,2025-12-30T02:55:37Z
1590f7a83f760a9fbbbc1dfb72a49e9b,2025-12-30T04:00:00Z,Washington Huskies,Utah Utes,draftkings,-12.5,157.5,-6.5,74.5,False,2025-12-30T03:55:37Z
9bb6492f476cbc857ff057bc6cfeae87,2025-12-30T18:00:00Z,Princeton Tigers,Vermont Catamounts,draftkings,3.5,136.5,0.5,64.5,False,2025-12-30T17:55:37Z
11f249a37c582f3954c01f392ffc53bc,2025-12-30T20:00:00Z,Central Michigan Chippewas,Ohio Bobcats,draftkings,6.5,151.5,3.5,71.5,False,2025-12-30T19:55:37Z
83a072b624798f8d008aef730ffbd1e1,2025-12-30T20:00:00Z,Incarnate Word Cardinals,SE Louisiana Lions,draftkings,-6.5,135.5,-3.5,63.5,False,2025-12-30T19:55:37Z
ce08bcd11b13e014db95980f103654ab,2025-12-30T21:00:00Z,Air Force Falcons,Wyoming Cowboys,draftkings,12.5,141.5,6.5,66.5,False,2025-12-30T20:55:37Z
7456fe3413efa756361a3924bdfce6e5,2025-12-30T22:00:00Z,Northwestern Wildcats,Howard Bison,draftkings,-20.5,148.5,-11.5,69.5,False,2025-12-30T21:55:38Z
26bd67effab3df7c2c7d0f304b9b1d04,2025-12-30T23:00:00Z,South Carolina Gamecocks,Albany Great Danes,draftkings,-19.5,148.5,-11.5,70.5,False,2025-12-30T22:55:37Z
0b6db8dfea9cbf934dd1546b2b54752c,2025-12-30T23:00:00Z,The Citadel Bulldogs,East Tennessee St Buccaneers,draftkings,12.5,139.5,6.5,65.5,False,2025-12-30T22:55:37Z
ec570957764b7c8be9aea9d77fe2f658,2025-12-30T23:30:00Z,Toledo Rockets,Western Michigan Broncos,draftkings,-10.5,160.5,-5.5,76.5,False,2025-12-30T23:25:37Z
2d2181267b0321ca06a96aa49ab5f58c,2025-12-31T00:00:00Z,Bowling Green Falcons,Miami (OH) RedHawks,draftkings,-6.5,150.5,-3.5,71.5,False,2025-12-30T23:55:37Z
c0b6e14085e7e3f459e566e22858c4f7,2025-12-31T00:00:00Z,Charlotte 49ers,Temple Owls,draftkings,-1.5,138.5,-0.5,65.5,False,2025-12-30T23:55:37Z
d5e774798e28f17f153fbc43352c4001,2025-12-31T00:00:00Z,Davidson Wildcats,Duquesne Dukes,draftkings,-2.5,150.5,-0.5,70.5,False,2025-12-30T23:55:37Z
95630b352573eab5a7cad917cc9d930e,2025-12-31T00:00:00Z,North Carolina Tar Heels,Florida St Seminoles,draftkings,-12.5,166.5,-6.5,78.5,False,2025-12-30T23:55:37Z
071c3dd1c2bd9e92a6b27602f683704d,2025-12-31T00:00:00Z,Marquette Golden Eagles,Seton Hall Pirates,draftkings,-1.5,145.5,-0.5,68.5,False,2025-12-30T23:55:37Z
55d86f709f217d486954985fbcd0e30b,2025-12-31T00:00:00Z,Miami Hurricanes,Pittsburgh Panthers,draftkings,-9.5,144.5,-5.5,68.5,False,2025-12-30T23:55:37Z
754c5dea3a0ec212b94b0db06dbd4e87,2025-12-31T00:00:00Z,Wisconsin Badgers,Milwaukee Panthers,draftkings,-20.5,157.5,-12.5,74.5,False,2025-12-30T23:55:37Z
1503d6b383af350f728c2f16f8c73b86,2025-12-31T00:30:00Z,Eastern Michigan Eagles,Massachusetts Minutemen,draftkings,2.5,148.5,1.5,70.5,False,2025-12-31T00:25:37Z
973872d950f9c3c180a50154a668a251,2025-12-31T01:00:00Z,Tennessee Volunteers,South Carolina St Bulldogs,draftkings,-44.5,147.5,,,False,2025-12-31T00:55:37Z
550bd9f2ee315237b88921c3c3548b30,2025-12-31T01:30:00Z,Tennessee Tech Golden Eagles,Tennessee St Tigers,draftkings,1.5,155.5,0.5,72.5,False,2025-12-31T01:25:37Z
eade6e24501de36f3117f74d9a3f9480,2025-12-31T02:00:00Z,Creighton Bluejays,Butler Bulldogs,draftkings,-5.5,156.5,-2.5,74.5,False,2025-12-31T01:55:37Z
f9e419c93ba5daa9b39f2651b732009f,2025-12-31T02:00:00Z,California Golden Bears,Louisville Cardinals,draftkings,7.5,159.5,3.5,75.5,False,2025-12-31T01:55:37Z
b3690adfa9d9246dfc87e9269b93f34d,2025-12-31T02:00:00Z,Colorado St Rams,Nevada Wolf Pack,draftkings,-1.5,140.5,-0.5,66.5,False,2025-12-31T01:55:37Z
d9a19c07bfd63c1d31ca93c22bac9a53,2025-12-31T02:00:00Z,Fresno St Bulldogs,Utah State Aggies,draftkings,14.5,154.5,8.5,73.5,False,2025-12-31T01:55:37Z
7740830713f410c43edf60e8c363ae90,2025-12-31T02:00:00Z,Nebraska Cornhuskers,New Hampshire Wildcats,draftkings,-31.5,146.5,-18.5,69.5,False,2025-12-31T01:55:37Z
3c294a030f08eabd427672a7131b7179,2025-12-31T02:00:00Z,Stanford Cardinal,Notre Dame Fighting Irish,draftkings,-6.5,143.5,-4.5,67.5,False,2025-12-31T01:55:37Z
29fe9bff796f9f54eb1f83d0e468ebf8,2025-12-31T02:00:00Z,Pepperdine Waves,Saint Mary's Gaels,draftkings,19.5,141.5,11.5,67.5,False,2025-12-31T01:55:37Z
f6fd27e3a3eaaeb7e157848a4eaa4b1e,2025-12-31T02:30:00Z,San Diego Toreros,Gonzaga Bulldogs,draftkings,28.5,160.5,16.5,76.5,False,2025-12-31T02:25:37Z
b063602c0775740442ea9993d49c5a59,2025-12-31T03:00:00Z,Loyola Marymount Lions,Pacific Tigers,draftkings,-3.5,139.5,-2.5,65.5,False,2025-12-31T02:55:37Z
2ec1821ab9a2c74ea4f046e3523bd01a,2025-12-31T03:00:00Z,Oregon St Beavers,San Francisco Dons,draftkings,4.5,144.5,2.5,67.5,False,2025-12-31T02:55:37Z
794895ddfbd438baca0626aa24c7dd7e,2025-12-31T03:00:00Z,Portland Pilots,Santa Clara Broncos,draftkings,13.5,157.5,7.5,74.5,False,2025-12-31T02:55:37Z
102671e5d33777780d1e15b1ef4403a0,2025-12-31T03:00:00Z,San José St Spartans,San Diego St Aztecs,draftkings,11.5,141.5,6.5,66.5,False,2025-12-31T02:55:37Z
243efc5a643b63ba2542958aa310d13b,2025-12-31T03:00:00Z,Seattle Redhawks,Washington St Cougars,draftkings,-5.5,144.5,-3.5,67.5,False,2025-12-31T02:55:37Z
ae4e1fd173d7643bf07431c1aeba51fa,2025-12-31T04:00:00Z,Boise State Broncos,New Mexico Lobos,draftkings,-5.5,146.5,-2.5,69.5,False,2025-12-31T03:55:37Z
e5ff3531ddf89a08fe2d4ac3e4c8ec28,2025-12-31T18:00:00Z,Northern Illinois Huskies,Buffalo Bulls,draftkings,6.5,152.5,3.5,72.5,False,2025-12-31T17:55:37Z
9ee9475ae10c5582bd2f9b3d5e849b30,2025-12-31T17:00:00Z,Lehigh Mountain Hawks,Army Knights,draftkings,-5.5,146.5,-2.5,69.5,False,2025-12-31T16:55:37Z
2b6f60be34bfd44f40db33cfb70686ee,2025-12-31T17:00:00Z,East Carolina Pirates,Tulane Green Wave,draftkings,2.5,144.5,1.5,67.5,False,2025-12-31T16:55:37Z
236630823a1d721d6706b6020eb229d3,2025-12-31T17:00:00Z,East Texas A&M Lions,Lamar Cardinals,draftkings,5.5,143.5,2.5,67.5,False,2025-12-31T16:55:37Z
d3fcbbb102c780cc3a4cc3c30d5ffab4,2025-12-31T17:00:00Z,Furman Paladins,Mercer Bears,draftkings,-2.5,154.5,-1.5,72.5,False,2025-12-31T16:55:37Z
7a0f17dc0b1df9c0ae4e6948a34c0687,2025-12-31T17:00:00Z,Rhode Island Rams,Loyola (Chi) Ramblers,draftkings,-9.5,145.5,-5.5,68.5,False,2025-12-31T16:55:37Z
c6188c6778296e7627078dbba7039da3,2025-12-31T17:00:55Z,NC State Wolfpack,Wake Forest Demon Deacons,draftkings,-10.5,159.5,-5.5,75.5,False,2025-12-31T17:00:40Z
216d6b3f8dd44ee612fe96dbc366ecc5,2025-12-31T18:00:00Z,American Eagles,Loyola (MD) Greyhounds,draftkings,-8.5,154.5,-5.5,72.5,False,2025-12-31T17:55:37Z
9bff627faf0690b6166e0a221c3eb017,2025-12-31T18:00:00Z,Navy Midshipmen,Boston Univ. Terriers,draftkings,-4.5,137.5,-2.5,65.5,False,2025-12-31T17:55:37Z
e5ff3531ddf89a08fe2d4ac3e4c8ec28,2025-12-31T18:00:00Z,Northern Illinois Huskies,Buffalo Bulls,draftkings,6.5,152.5,3.5,72.5,False,2025-12-31T17:55:37Z
fd62479b6651a22b9e43c7a7854fc878,2025-12-31T18:00:00Z,Florida Atlantic Owls,UTSA Roadrunners,draftkings,-16.5,159.5,-9.5,75.5,False,2025-12-31T17:55:37Z
ff30efc1e4cdb4f1a30e7b1c80c91d49,2025-12-31T18:00:00Z,Louisiana Ragin' Cajuns,South Alabama Jaguars,draftkings,3.5,127.5,1.5,59.5,False,2025-12-31T17:55:37Z
64278b4db34b0fc991d7e6ff5c878479,2025-12-31T18:00:00Z,Western Carolina Catamounts,Wofford Terriers,draftkings,2.5,154.5,1.5,73.5,False,2025-12-31T17:55:37Z
f5f49ac42f8970699770a9b0c8220d67,2025-12-31T19:00:00Z,Old Dominion Monarchs,Appalachian St Mountaineers,draftkings,-1.5,136.5,-0.5,64.5,False,2025-12-31T18:55:38Z
f1a940980257762ec607a9fe01388d0c,2025-12-31T19:00:00Z,Holy Cross Crusaders,Bucknell Bison,draftkings,2.5,133.5,0.5,62.5,False,2025-12-31T18:55:38Z
713569db1bf44d2dd9f823d6977122be,2025-12-31T19:00:00Z,Monmouth Hawks,Campbell Fighting Camels,draftkings,-1.5,152.5,-0.5,71.5,False,2025-12-31T18:55:38Z
b5ddc1e59f95f2c7350ade7e459d8109,2025-12-31T19:00:00Z,Elon Phoenix,Charleston Cougars,draftkings,-2.5,155.5,-1.5,74.5,False,2025-12-31T18:55:38Z
f9c496913862b934a3f6519ce7fa6e9f,2025-12-31T19:00:00Z,Gardner-Webb Bulldogs,Charleston Southern Buccaneers,draftkings,12.5,163.5,6.5,78.5,False,2025-12-31T18:55:38Z
77475c70747fbbf8022e56a952860ae4,2025-12-31T19:00:00Z,Dayton Flyers,Fordham Rams,draftkings,-16.5,137.5,-9.5,64.5,False,2025-12-31T18:55:38Z
64ee4a13883da093a18e77ac3d0574c8,2025-12-31T19:00:00Z,La Salle Explorers,George Mason Patriots,draftkings,8.5,134.5,4.5,63.5,False,2025-12-31T18:55:38Z
7b9800ebf94f36a7dc45a6e4e5559630,2025-12-31T19:00:00Z,UNC Asheville Bulldogs,High Point Panthers,draftkings,10.5,151.5,5.5,71.5,False,2025-12-31T18:55:38Z
564eb1224ac63d9da87ecc9ce2361459,2025-12-31T19:00:00Z,Pennsylvania Quakers,NJIT Highlanders,draftkings,-14.5,151.5,-8.5,71.5,False,2025-12-31T18:55:38Z
8088a75e7ffad28df95a40d6e5605e0d,2025-12-31T19:00:00Z,South Carolina Upstate Spartans,Radford Highlanders,draftkings,-1.5,159.5,-0.5,75.5,False,2025-12-31T18:55:38Z
7fd673c3222a3439d30b66fe7bc95ec6,2025-12-31T19:00:00Z,Tulsa Golden Hurricane,Rice Owls,draftkings,-12.5,151.5,-7.5,71.5,False,2025-12-31T18:55:38Z
41cd7614f5c0d4a407c1fd4b8338a412,2025-12-31T19:00:00Z,VCU Rams,St. Bonaventure Bonnies,draftkings,-9.5,157.5,-5.5,74.5,False,2025-12-31T18:55:38Z
0f44106ef68d6b430ff16348f353179a,2025-12-31T19:00:00Z,William & Mary Tribe,Stony Brook Seawolves,draftkings,-11.5,159.5,-5.5,75.5,False,2025-12-31T18:55:38Z
09537630675631cfb75d2e1c60feca3c,2025-12-31T19:00:00Z,Troy Trojans,Texas State Bobcats,draftkings,-8.5,145.5,-4.5,67.5,False,2025-12-31T18:55:38Z
dcaa5df8fef010a6fba05e35b89d499c,2025-12-31T19:00:00Z,Virginia Tech Hokies,Virginia Cavaliers,draftkings,5.5,152.5,3.5,72.5,False,2025-12-31T18:55:38Z
bc82b18c38e4110179bc67662b0608f3,2025-12-31T19:00:45Z,Syracuse Orange,Clemson Tigers,draftkings,1.5,140.5,0.5,65.5,False,2025-12-31T19:00:39Z
7f980827bf4a4620a82711af8a5c34f8,2025-12-31T19:30:00Z,Hampton Pirates,Towson Tigers,draftkings,6.5,136.5,3.5,63.5,False,2025-12-31T19:25:37Z
f509883ad5bd27ef6a55e230f7ffdfeb,2025-12-31T20:00:00Z,Lafayette Leopards,Colgate Raiders,draftkings,6.5,146.5,3.5,69.5,False,2025-12-31T19:55:37Z
d3d304c62077a7f576ad925770bc3be5,2025-12-31T20:00:00Z,Longwood Lancers,Winthrop Eagles,draftkings,7.5,161.5,4.5,76.5,False,2025-12-31T19:55:37Z
90eb0057ecc38d36617023bdbf97ba0a,2025-12-31T20:00:00Z,North Carolina A&T Aggies,Northeastern Huskies,draftkings,3.5,151.5,1.5,71.5,False,2025-12-31T19:55:37Z
b86981c1bb26cd418689d7b92fb49421,2025-12-31T21:00:00Z,Denver Pioneers,UMKC Kangaroos,draftkings,-9.5,156.5,-5.5,74.5,False,2025-12-31T20:55:37Z
b209398f4435643cfa49af9597a17ec9,2025-12-31T21:00:00Z,Richmond Spiders,GW Revolutionaries,draftkings,2.5,162.5,1.5,77.5,False,2025-12-31T20:55:37Z
b0b11797ce52887ce8bc5a646496d86a,2025-12-31T21:00:00Z,Marshall Thundering Herd,Georgia St Panthers,draftkings,-13.5,151.5,-7.5,72.5,False,2025-12-31T20:55:37Z
3b9eb223b3b8ee537a8ef213708dd402,2025-12-31T21:00:00Z,Memphis Tigers,North Texas Mean Green,draftkings,-9.5,137.5,-5.5,64.5,False,2025-12-31T20:55:37Z
5bf2c866e860bcecb305970862ceae89,2025-12-31T21:00:00Z,Saint Louis Billikens,Saint Joseph's Hawks,draftkings,-19.5,160.5,-11.5,75.5,False,2025-12-31T20:55:37Z
f9abab16daff285a9e2c9128deeb8079,2025-12-31T21:00:00Z,UAB Blazers,Wichita St Shockers,draftkings,-3.5,149.5,-1.5,70.5,False,2025-12-31T20:55:37Z
d6800ceaf5c33e0b0b8011a0ce4d7d53,2025-12-31T21:00:17Z,Duke Blue Devils,Georgia Tech Yellow Jackets,draftkings,-27.5,153.5,-15.5,72.5,False,2025-12-31T20:55:37Z
6dc8656c59eb8feae81aba0679b20351,2025-12-31T21:30:00Z,Texas A&M-CC Islanders,New Orleans Privateers,draftkings,-4.5,142.5,-2.5,67.5,False,2025-12-31T21:25:37Z
831aa98d8108541ec02827cfc575e318,2025-12-31T21:30:00Z,Northwestern St Demons,Stephen F. Austin Lumberjacks,draftkings,8.5,138.5,4.5,65.5,False,2025-12-31T21:25:37Z
e82c35ac959c4b3da8e26e3b4f3c94ac,2025-12-31T22:00:00Z,North Dakota St Bison,South Dakota Coyotes,draftkings,-11.5,164.5,-6.5,78.5,False,2025-12-31T21:55:37Z
6c049e001e802beedfb0f71b99235de2,2025-12-31T22:00:32Z,Xavier Musketeers,UConn Huskies,draftkings,11.5,144.5,6.5,68.5,False,2025-12-31T21:55:37Z
9cc018d40a32673ecd1d80a809a0d250,2025-12-31T22:30:00Z,UT Rio Grande Valley Vaqueros,Nicholls St Colonels,draftkings,-3.5,145.5,-1.5,68.5,False,2025-12-31T22:25:37Z
81014deeedb536bf1dfe6bb0a10b5635,2025-12-31T23:00:00Z,Villanova Wildcats,DePaul Blue Demons,draftkings,-12.5,139.5,-6.5,65.5,False,2025-12-31T22:55:39Z
75f5866a019b86e7264f355bd306321b,2026-01-01T00:00:00Z,UNC Wilmington Seahawks,Drexel Dragons,draftkings,-12.5,137.5,-6.5,64.5,False,2025-12-31T23:55:37Z
5d2a78e6a7b982c2915030b09fa717be,2026-01-01T01:00:07Z,Georgetown Hoyas,St. John's Red Storm,draftkings,7.5,151.5,4.5,72.5,False,2026-01-01T00:55:37Z
f1a92cb4fe82c07c00392e1196fe92b6,2026-01-01T18:00:00Z,Coastal Carolina Chanticleers,Georgia Southern Eagles,draftkings,1.5,157.5,-0.5,74.5,False,2026-01-01T17:55:37Z
d570f00169500235337ba35bf3525587,2026-01-01T18:00:00Z,North Alabama Lions,Stetson Hatters,draftkings,-9.5,142.5,-5.5,67.5,False,2026-01-01T17:55:37Z
64ecafd31204cd582817cc0de3e79e12,2026-01-01T18:00:00Z,Youngstown St Penguins,Oakland Golden Grizzlies,draftkings,-1.5,157.5,-0.5,74.5,False,2026-01-01T17:55:37Z
95b5bff18a22905aa149317711407b59,2026-01-01T18:00:00Z,VMI Keydets,Samford Bulldogs,draftkings,6.5,153.5,3.5,71.5,False,2026-01-01T17:55:37Z
454f52567c6b33f5097a33d7ec221346,2026-01-01T19:00:00Z,Central Arkansas Bears,Florida Gulf Coast Eagles,draftkings,2.5,156.5,1.5,73.5,False,2026-01-01T18:55:37Z
eff20371c60c1096a4f6e848d79ba0e3,2026-01-01T19:00:00Z,Fort Wayne Mastodons,Green Bay Phoenix,draftkings,-8.5,145.5,-4.5,68.5,False,2026-01-01T18:55:37Z
9a20ad576e1ffb6d9ed79f71e40827ca,2026-01-01T19:00:00Z,Northern Kentucky Norse,IUPUI Jaguars,draftkings,-13.5,176.5,-7.5,84.5,False,2026-01-01T18:55:37Z
a69e4eadb6175ba9739853cd0f7e6140,2026-01-01T19:00:00Z,Lipscomb Bisons,Jacksonville Dolphins,draftkings,-12.5,147.5,-7.5,69.5,False,2026-01-01T18:55:37Z
bb437f5af9d1e2e9eda3c362e3aa591e,2026-01-01T19:00:00Z,Wright St Raiders,Milwaukee Panthers,draftkings,-3.5,148.5,-2.5,70.5,False,2026-01-01T18:55:37Z
78f1638a598dd5c2da1c463cf5511c3d,2026-01-01T19:00:00Z,North Dakota Fighting Hawks,Oral Roberts Golden Eagles,draftkings,-1.5,148.5,-0.5,70.5,False,2026-01-01T18:55:37Z
33a1dcf3ea497d1217f7696e4436bcb7,2026-01-01T20:00:00Z,UT-Arlington Mavericks,Cal Baptist Lancers,draftkings,2.5,134.5,1.5,63.5,False,2026-01-01T19:55:37Z
2a1cb22fbdf06a270e9d429eefa3e6d8,2026-01-01T20:00:00Z,Illinois St Redbirds,Evansville Purple Aces,draftkings,-11.5,144.5,-6.5,67.5,False,2026-01-01T19:55:37Z
aa0e9b345aa7109c1c490f8ad2a4fb22,2026-01-01T20:00:00Z,Southern Illinois Salukis,Valparaiso Beacons,draftkings,-7.5,145.5,-3.5,68.5,False,2026-01-01T19:55:37Z
9fee1a532ae97ad4affb8e2effe8b1d9,2026-01-01T21:00:00Z,UNC Greensboro Spartans,Chattanooga Mocs,draftkings,2.5,147.5,0.5,69.5,False,2026-01-01T20:55:37Z
e6707873eea3b561499fc14ef9828239,2026-01-01T21:00:00Z,Weber State Wildcats,Portland St Vikings,draftkings,1.5,148.5,0.5,70.5,False,2026-01-01T20:55:37Z
2e4ce15f70fb157a705f87b4a6394d29,2026-01-01T21:30:00Z,Lindenwood Lions,Morehead St Eagles,draftkings,-6.5,147.5,-3.5,69.5,False,2026-01-01T21:25:37Z
67e91238d6571dfdc08214223a81c592,2026-01-01T21:30:00Z,SIU-Edwardsville Cougars,Southern Indiana Screaming Eagles,draftkings,-10.5,136.5,-5.5,64.5,False,2026-01-01T21:25:37Z
67060e3b509cc99d0d3a1d62a7dcbd71,2026-01-01T21:30:00Z,Tenn-Martin Skyhawks,Western Illinois Leathernecks,draftkings,-13.5,140.5,-7.5,65.5,False,2026-01-01T21:25:37Z
4629c97b05950ab418b6cb182dffbee1,2026-01-01T22:00:00Z,CSU Bakersfield Roadrunners,UC Irvine Anteaters,draftkings,11.5,143.5,6.5,67.5,False,2026-01-01T21:55:37Z
a8e6d9b5ccd524e26cbd93c62b144de7,2026-01-01T22:00:00Z,UC Davis Aggies,CSU Northridge Matadors,draftkings,-3.5,162.5,-2.5,78.5,False,2026-01-01T21:55:37Z
b42a1c0208946edcf9f0de89281b1cdf,2026-01-01T22:00:00Z,UL Monroe Warhawks,Southern Miss Golden Eagles,draftkings,9.5,152.5,5.5,72.5,False,2026-01-01T21:55:37Z
bf8e018abaa68d3c3586324cb1155759,2026-01-01T22:15:00Z,South Dakota St Jackrabbits,Omaha Mavericks,draftkings,-9.5,152.5,-5.5,72.5,False,2026-01-01T22:10:37Z
ec665baa6f6e1813ff65e44a0894e197,2026-01-01T23:00:00Z,Arkansas-Little Rock Trojans,Tennessee Tech Golden Eagles,draftkings,-1.5,144.5,-0.5,67.5,False,2026-01-01T22:55:38Z
460ac5b24d2bb2d2e828e671913a0528,2026-01-01T23:00:00Z,Montana Grizzlies,Northern Arizona Lumberjacks,draftkings,-5.5,149.5,-2.5,69.5,False,2026-01-01T22:55:38Z
54561c84c75a4e765dcc2a0607e56ba4,2026-01-02T00:00:00Z,West Georgia Wolves,Bellarmine Knights,draftkings,1.5,151.5,0.5,71.5,False,2026-01-01T23:55:37Z
ddf162705cef4c1b517ea7768fbd0f76,2026-01-02T00:00:00Z,Belmont Bruins,Bradley Braves,draftkings,-3.5,153.5,-1.5,73.5,False,2026-01-01T23:55:37Z
ff567a7b364217b63069fec954167ab3,2026-01-02T00:00:00Z,Queens University Royals,Eastern Kentucky Colonels,draftkings,-4.5,164.5,-2.5,78.5,False,2026-01-01T23:55:37Z
438f3f15505bba57b87aec263aa7f7aa,2026-01-02T01:00:00Z,Abilene Christian Wildcats,Utah Tech Trailblazers,draftkings,-5.5,139.5,-2.5,65.5,False,2026-01-02T00:55:37Z
e42a5a463e04cbc1717616f3f97b7a26,2026-01-02T01:00:00Z,Austin Peay Governors,North Florida Ospreys,draftkings,-15.5,162.5,-8.5,77.5,False,2026-01-02T00:55:37Z
f252271606ab149e4630f110d72e2055,2026-01-02T01:00:00Z,UC Riverside Highlanders,Hawai'i Rainbow Warriors,draftkings,8.5,149.5,4.5,71.5,False,2026-01-02T00:55:37Z
e343557fd64448ffbb6e8f34c27af1ae,2026-01-02T01:00:00Z,Northern Iowa Panthers,Indiana St Sycamores,draftkings,-10.5,135.5,-6.5,63.5,False,2026-01-02T00:55:37Z
7f675d02d5c078ffd90a370781abcef9,2026-01-02T01:00:00Z,Tarleton State Texans,Utah Valley Wolverines,draftkings,6.5,144.5,3.5,68.5,False,2026-01-02T00:55:37Z
1914aa724ac475d5403dfb00a16276da,2026-01-02T01:30:00Z,SE Missouri St Redhawks,Eastern Illinois Panthers,draftkings,-12.5,146.5,-6.5,69.5,False,2026-01-02T01:25:37Z
2281c87721e672f9c3da10bdcd217670,2026-01-02T02:00:00Z,Idaho State Bengals,Sacramento St Hornets,draftkings,-9.5,153.5,-5.5,72.5,False,2026-01-02T01:55:37Z
d64bca22f83017cf37cfd7390a3c972e,2026-01-02T02:00:00Z,Montana St Bobcats,N Colorado Bears,draftkings,-2.5,154.5,-1.5,72.5,False,2026-01-02T01:55:37Z
d4f8d1a673841993c013e26612c88271,2026-01-02T02:00:00Z,UIC Flames,Murray St Racers,draftkings,5.5,159.5,2.5,75.5,False,2026-01-02T01:55:37Z
b214bab106dfefad04366932bcc015a0,2026-01-02T03:00:00Z,CSU Fullerton Titans,UC Santa Barbara Gauchos,draftkings,3.5,155.5,1.5,74.5,False,2026-01-02T02:55:37Z
947638afe5c7a210ac5d8a6d04e92fcd,2026-01-02T03:00:00Z,Cal Poly Mustangs,UC San Diego Tritons,draftkings,8.5,174.5,4.5,81.5,False,2026-01-02T02:55:37Z
34c6ff9584d261c3b94ffda21fcc169d,2026-01-02T17:00:00Z,Florida Int'l Golden Panthers,New Mexico St Aggies,draftkings,1.5,155.5,0.5,73.5,False,2026-01-02T16:55:37Z
61a5a250d0b436da4e12a7043d75dce2,2026-01-02T20:00:00Z,Merrimack Warriors,Mt. St. Mary's Mountaineers,draftkings,-3.5,141.5,-1.5,66.5,False,2026-01-02T19:55:38Z
91103038df4caaa16c0ba0558f4e2290,2026-01-02T21:00:00Z,Canisius Golden Griffins,Fairfield Stags,draftkings,6.5,140.5,3.5,65.5,False,2026-01-02T20:55:37Z
0a4f44f93dfc99437eadd3ec485cfb01,2026-01-02T21:00:00Z,Niagara Purple Eagles,Sacred Heart Pioneers,draftkings,1.5,140.5,1.5,66.5,False,2026-01-02T20:55:37Z
0da0300128e9b56dcc5c6fba85e76119,2026-01-02T22:00:00Z,Western Kentucky Hilltoppers,Sam Houston St Bearkats,draftkings,-5.5,168.5,-3.5,80.5,False,2026-01-02T21:55:37Z
ea92c75e58ef61ce76be3ce50af76e7c,2026-01-03T00:00:00Z,LIU Sharks,Central Connecticut St Blue Devils,draftkings,-6.5,146.5,-3.5,68.5,False,2026-01-02T23:55:37Z
1dd14a3e49f45b3e228c9f2f00127a6f,2026-01-03T00:00:00Z,Chicago St Cougars,Wagner Seahawks,draftkings,1.5,146.5,0.5,68.5,False,2026-01-02T23:55:37Z
0c8d5b3014d11e052f75b43aaff85dfe,2026-01-03T00:00:00Z,Delaware Blue Hens,Jacksonville St Gamecocks,draftkings,3.5,125.5,1.5,59.5,False,2026-01-02T23:55:37Z
b1ed34e3e2e6b978d104a7577903ee65,2026-01-03T00:00:00Z,Detroit Mercy Titans,Robert Morris Colonials,draftkings,3.5,148.5,1.5,69.5,False,2026-01-02T23:55:37Z
4208c102e875d2aa9e365ff9d73d8ee9,2026-01-03T00:00:00Z,Iona Gaels,Siena Saints,draftkings,1.5,149.5,-0.5,70.5,False,2026-01-02T23:55:37Z
d8ed86941172d0d5698fe66be951fae8,2026-01-03T00:00:00Z,Liberty Flames,Kennesaw St Owls,draftkings,-7.5,158.5,-3.5,74.5,False,2026-01-02T23:55:37Z
dae8e3fcbbbab86c7827bb72aad889a3,2026-01-03T00:00:00Z,McNeese Cowboys,Lamar Cardinals,draftkings,-16.5,145.5,-9.5,67.5,False,2026-01-02T23:55:37Z
3363c29ad3852b8f7549b1e3f928b212,2026-01-03T00:00:00Z,St. Francis (PA) Red Flash,Le Moyne Dolphins,draftkings,5.5,151.5,2.5,71.5,False,2026-01-02T23:55:37Z
b314f22b3c7eb3c3b1cc9d7571e739c9,2026-01-03T00:00:00Z,Manhattan Jaspers,Quinnipiac Bobcats,draftkings,7.5,159.5,3.5,75.5,False,2026-01-02T23:55:37Z
521e8f2047921093ee99bd51c4f81fc9,2026-01-03T00:00:00Z,Saint Peter's Peacocks,Marist Red Foxes,draftkings,2.5,132.5,0.5,62.5,False,2026-01-02T23:55:37Z
a0657116e367b2e694d71d118428a822,2026-01-03T00:00:00Z,Stonehill Skyhawks,New Haven Chargers,draftkings,-1.5,128.5,-0.5,60.5,False,2026-01-02T23:55:37Z
9bd274da6ad9b69cbac79d636980919a,2026-01-03T00:00:42Z,Michigan Wolverines,USC Trojans,draftkings,-22.5,173.5,-12.5,82.5,False,2026-01-02T23:55:37Z
2e88c2db3ac5f1d856d90d04a433f846,2026-01-03T00:30:00Z,Mercyhurst Lakers,Fairleigh Dickinson Knights,draftkings,-5.5,133.5,-3.5,62.5,False,2026-01-03T00:25:37Z
9247929250cb0448b2d55ad991ca1149,2026-01-03T00:30:00Z,Middle Tennessee Blue Raiders,Louisiana Tech Bulldogs,draftkings,-6.5,134.5,-3.5,63.5,False,2026-01-03T00:25:37Z
b1bd46644a5279dd395d6a3725adcc16,2026-01-03T00:30:11Z,Maryland Terrapins,Oregon Ducks,draftkings,1.5,146.5,0.5,69.5,False,2026-01-03T00:25:37Z
32875bdd22ae751e001533e7a2b00020,2026-01-03T01:00:00Z,Stanford Cardinal,Louisville Cardinals,draftkings,7.5,157.5,3.5,74.5,False,2026-01-03T00:55:37Z
a1c104120ea2bb58e7788c43255e91c8,2026-01-03T01:00:00Z,Missouri St Bears,UTEP Miners,draftkings,-3.5,131.5,-1.5,61.5,False,2026-01-03T00:55:37Z
12a0147dfc817a3583bf3384b7b27942,2026-01-03T01:00:35Z,Rutgers Scarlet Knights,Ohio State Buckeyes,draftkings,9.5,151.5,4.5,71.5,False,2026-01-03T00:55:37Z
daaa6b17af346d51240bcbf8c7a56da1,2026-01-03T02:00:00Z,Gonzaga Bulldogs,Seattle Redhawks,draftkings,-24.5,155.5,-13.5,74.5,False,2026-01-03T01:55:37Z
69456c6ebb5af5e2c629e453b5ecf1cd,2026-01-03T02:00:15Z,Nebraska Cornhuskers,Michigan St Spartans,draftkings,-2.5,146.5,-0.5,69.5,False,2026-01-03T01:55:37Z
edcade635b59f114fc7c1a74efd45c46,2026-01-03T02:00:47Z,Iowa State Cyclones,West Virginia Mountaineers,draftkings,-16.5,142.5,-10.5,67.5,False,2026-01-03T02:00:40Z
831e2ba0a0e81c9a785bfd3198b98a0a,2026-01-03T02:30:00Z,Washington St Cougars,Loyola Marymount Lions,draftkings,-3.5,143.5,-1.5,67.5,False,2026-01-03T02:25:37Z
eda12759d8b90317d9ff13d4e9d2c76d,2026-01-03T03:00:00Z,Pacific Tigers,Oregon St Beavers,draftkings,-4.5,137.5,-2.5,64.5,False,2026-01-03T02:55:37Z
47d0aa9f3a50e7b5c62f41382ffd63e4,2026-01-03T03:00:00Z,Santa Clara Broncos,Pepperdine Waves,draftkings,-20.5,150.5,-11.5,70.5,False,2026-01-03T02:55:37Z
e1cd7f028deb5039362820812a760e41,2026-01-03T03:00:00Z,Saint Mary's Gaels,Portland Pilots,draftkings,-19.5,146.5,-11.5,69.5,False,2026-01-03T02:55:37Z
7396252ce1a4ae1d3da50a16866df26a,2026-01-03T03:00:00Z,San Francisco Dons,San Diego Toreros,draftkings,-11.5,152.5,-6.5,71.5,False,2026-01-03T02:55:37Z
f9bf94b88fbb3cd6b0ccc5d5d67c703f,2026-01-03T04:00:00Z,California Golden Bears,Notre Dame Fighting Irish,draftkings,-3.5,138.5,-2.5,64.5,False,2026-01-03T03:55:37Z
d0ea0e32a8c7559d59da7f303f58e146,2026-01-03T16:00:00Z,NC State Wolfpack,Virginia Cavaliers,draftkings,-4.5,152.5,-2.5,71.5,False,2026-01-03T15:55:37Z
dd6c65e86b5f8be4640dc9cda987ccb8,2026-01-03T17:00:00Z,Campbell Fighting Camels,Northeastern Huskies,draftkings,-3.5,154.5,-1.5,73.5,False,2026-01-03T16:55:37Z
cc5b0b1d0191f1146189c7426812f430,2026-01-03T17:00:00Z,Duquesne Dukes,VCU Rams,draftkings,5.5,165.5,3.5,78.5,False,2026-01-03T16:55:37Z
91e5fbdd188f13b36232e5615a38fdc9,2026-01-03T17:00:00Z,Temple Owls,UTSA Roadrunners,draftkings,-10.5,149.5,-5.5,70.5,False,2026-01-03T16:55:37Z
c339ca812acbb5016edfbd30cee871a2,2026-01-03T17:00:00Z,Wake Forest Demon Deacons,Virginia Tech Hokies,draftkings,-5.5,153.5,-3.5,72.5,False,2026-01-03T16:55:37Z
827fb304193b823494d04fd717c1b953,2026-01-03T17:00:18Z,Pittsburgh Panthers,Clemson Tigers,draftkings,3.5,135.5,1.5,63.5,False,2026-01-03T16:55:37Z
d32e4d2fac570ab648ec4098f0144c3a,2026-01-03T17:00:33Z,Alabama Crimson Tide,Kentucky Wildcats,draftkings,-4.5,173.5,-2.5,82.5,False,2026-01-03T16:55:37Z
3cdbee8a4bfd7f6d54389bd8ec9f4871,2026-01-03T17:00:38Z,Butler Bulldogs,Villanova Wildcats,draftkings,-1.5,149.5,-0.5,70.5,False,2026-01-03T16:55:37Z
6767a3b5aa113d2c3b970ca3fd6e75be,2026-01-03T17:00:42Z,St. John's Red Storm,Providence Friars,draftkings,-14.5,166.5,-8.5,80.5,False,2026-01-03T17:00:42Z
ad038f7b014d56a6a020fbbf897469c3,2026-01-03T18:00:00Z,Boston Univ. Terriers,American Eagles,draftkings,-1.5,142.5,,,False,2026-01-03T17:55:38Z
8e32922edc8815a0ed6670a34f9af7ad,2026-01-03T18:00:00Z,Army Knights,Colgate Raiders,draftkings,7.5,147.5,,,False,2026-01-03T17:55:38Z
5b57ee11792a1bf04561c323d5169aea,2026-01-03T18:00:00Z,Georgia Bulldogs,Auburn Tigers,draftkings,-6.5,174.5,-3.5,83.5,False,2026-01-03T17:55:38Z
33dbcd63c2991243b3613cac9fef683e,2026-01-03T18:00:00Z,VMI Keydets,Chattanooga Mocs,draftkings,6.5,149.5,3.5,70.5,False,2026-01-03T17:55:38Z
4498832150c15bd66e484896ca901060,2026-01-03T18:00:00Z,Coastal Carolina Chanticleers,Georgia St Panthers,draftkings,-6.5,148.5,-3.5,69.5,False,2026-01-03T17:55:38Z
ecf3e99a550b756486a1ee2c70297952,2026-01-03T18:00:00Z,Kent State Golden Flashes,Northern Illinois Huskies,draftkings,-16.5,157.5,-9.5,75.5,False,2026-01-03T17:55:38Z
536a05f27bb64cdd3859c8382fc6f400,2026-01-03T18:00:00Z,Louisiana Ragin' Cajuns,Southern Miss Golden Eagles,draftkings,3.5,129.5,1.5,60.5,False,2026-01-03T17:55:38Z
566a9a471bbfe85ebc3f25e0142a9380,2026-01-03T18:00:00Z,New Hampshire Wildcats,Vermont Catamounts,draftkings,7.5,138.5,,,False,2026-01-03T17:55:38Z
4397afdc53feebf2bc621d0481217fe2,2026-01-03T18:00:00Z,Texas Tech Red Raiders,Oklahoma St Cowboys,draftkings,-12.5,167.5,-6.5,78.5,False,2026-01-03T17:55:38Z
c5a0796902629901ad8cae5b45a40c3e,2026-01-03T18:00:00Z,The Citadel Bulldogs,Wofford Terriers,draftkings,9.5,144.5,5.5,67.5,False,2026-01-03T17:55:38Z
140c39058ac714549940dc533848524d,2026-01-03T18:30:00Z,Kansas St Wildcats,BYU Cougars,draftkings,7.5,174.5,3.5,82.5,False,2026-01-03T18:25:37Z
e010d627270f6277b25a1edbd409e106,2026-01-03T19:00:00Z,UMass Lowell River Hawks,Albany Great Danes,draftkings,-2.5,150.5,,,False,2026-01-03T18:55:37Z
f8ccc014a8fe4a5bb411af4e7a62f45e,2026-01-03T19:00:00Z,Buffalo Bulls,Ball State Cardinals,draftkings,-6.5,145.5,-3.5,68.5,False,2026-01-03T18:55:37Z
55acb893c48b821ae2a2fb28eacefded,2026-01-03T19:00:00Z,Binghamton Bearcats,NJIT Highlanders,draftkings,-3.5,140.5,,,False,2026-01-03T18:55:37Z
4133d921878cdad1cb8b60553f1623af,2026-01-03T19:00:00Z,Georgia Tech Yellow Jackets,Boston College Eagles,draftkings,-6.5,145.5,-3.5,68.5,False,2026-01-03T18:55:37Z
bebdc893b8941bd5c33ebd405a44692d,2026-01-03T19:00:00Z,Massachusetts Minutemen,Bowling Green Falcons,draftkings,1.5,152.5,0.5,71.5,False,2026-01-03T18:55:37Z
4f478feb8682d30d7f5bbdbe2b20c611,2026-01-03T19:00:00Z,Maine Black Bears,Bryant Bulldogs,draftkings,1.5,125.5,,,False,2026-01-03T18:55:37Z
6023b18a1a3281e77ab287de2711794e,2026-01-03T19:00:00Z,Central Arkansas Bears,Stetson Hatters,draftkings,-11.5,147.5,,,False,2026-01-03T18:55:37Z
2c20cb4bf2d3fd0b0bba18cd67f54ee7,2026-01-03T19:00:00Z,Charleston Southern Buccaneers,UNC Asheville Bulldogs,draftkings,-5.5,151.5,,,False,2026-01-03T18:55:37Z
828736363951dd253bf737a83eda5ec0,2026-01-03T19:00:00Z,Cincinnati Bearcats,Houston Cougars,draftkings,4.5,135.5,2.5,63.5,False,2026-01-03T18:55:37Z
32a3a2d807fdb3811b286ee1ef5c7b89,2026-01-03T19:00:00Z,Loyola (Chi) Ramblers,Dayton Flyers,draftkings,7.5,141.5,3.5,66.5,False,2026-01-03T18:55:37Z
090730b857397142f166072ef6668764,2026-01-03T19:00:00Z,DePaul Blue Demons,Xavier Musketeers,draftkings,-2.5,149.5,-1.5,70.5,False,2026-01-03T18:55:37Z
141377f072acc8b7fcb17b5ad5de91e3,2026-01-03T19:00:00Z,Drexel Dragons,Hofstra Pride,draftkings,4.5,131.5,2.5,61.5,False,2026-01-03T18:55:37Z
dbbd5bb8d4ca3b62314c0d3783a7d68c,2026-01-03T19:00:00Z,West Georgia Wolves,Eastern Kentucky Colonels,draftkings,1.5,156.5,,,False,2026-01-03T18:55:37Z
de16ccaa4744619a8fedfa1739e3155d,2026-01-03T19:00:00Z,Eastern Michigan Eagles,Ohio Bobcats,draftkings,2.5,150.5,1.5,70.5,False,2026-01-03T18:55:37Z
88c1771810a67f31a15abff4e7c8d1be,2026-01-03T19:00:00Z,GW Revolutionaries,La Salle Explorers,draftkings,-16.5,150.5,-9.5,70.5,False,2026-01-03T18:55:37Z
971bf59c916957294140e63a863e1474,2026-01-03T19:00:00Z,High Point Panthers,Longwood Lancers,draftkings,-16.5,160.5,,,False,2026-01-03T18:55:37Z
ef2a4c46a9d22ae658b8ad52b66401a8,2026-01-03T19:00:00Z,Holy Cross Crusaders,Navy Midshipmen,draftkings,5.5,137.5,,,False,2026-01-03T18:55:37Z
7a957f884e56c59ac877ef9b4bfd77ad,2026-01-03T19:00:00Z,UCF Knights,Kansas Jayhawks,draftkings,4.5,157.5,2.5,74.5,False,2026-01-03T18:55:37Z
e6e6bc5f0ce2468376c91e1109b3615f,2026-01-03T19:00:00Z,North Dakota Fighting Hawks,South Dakota St Jackrabbits,draftkings,7.5,152.5,4.5,71.5,False,2026-01-03T18:55:37Z
17c2f0c94800b6932df7f2e1db136696,2026-01-03T19:00:00Z,Presbyterian Blue Hose,South Carolina Upstate Spartans,draftkings,-1.5,137.5,,,False,2026-01-03T18:55:37Z
32d4b4672ab70a7713d5d74abcc762e8,2026-01-03T19:00:00Z,South Carolina Gamecocks,Vanderbilt Commodores,draftkings,9.5,155.5,5.5,73.5,False,2026-01-03T18:55:37Z
1f436c9e86ce53068c8095e6337e82f3,2026-01-03T19:00:55Z,TCU Horned Frogs,Baylor Bears,draftkings,-2.5,154.5,-1.5,72.5,False,2026-01-03T19:00:50Z
0d25d88607ed811f36e3b6a08d2c1ae9,2026-01-03T19:15:00Z,SMU Mustangs,North Carolina Tar Heels,draftkings,-1.5,155.5,-0.5,73.5,False,2026-01-03T19:10:38Z
474e0b3ce7fcfc64e9948f0789eaba18,2026-01-03T20:00:00Z,Arkansas St Red Wolves,James Madison Dukes,draftkings,-10.5,158.5,-5.5,75.5,False,2026-01-03T19:55:37Z
61ae884ed40193635856e8c8c8930652,2026-01-03T20:00:00Z,Queens University Royals,Bellarmine Knights,draftkings,-7.5,169.5,,,False,2026-01-03T19:55:37Z
db482dc9a8450afc7e82cf5dce598cc8,2026-01-03T20:00:00Z,Central Michigan Chippewas,Toledo Rockets,draftkings,7.5,158.5,3.5,75.5,False,2026-01-03T19:55:37Z
ac53d6c09b4adaf1c36ae4edcf23be43,2026-01-03T20:00:00Z,North Alabama Lions,Florida Gulf Coast Eagles,draftkings,2.5,147.5,,,False,2026-01-03T19:55:37Z
d109bbd17d154a229236e288e7defce1,2026-01-03T20:00:00Z,Rice Owls,Memphis Tigers,draftkings,7.5,144.5,4.5,68.5,False,2026-01-03T19:55:37Z
769bf1a053765a395759287e008a8c47,2026-01-03T20:00:33Z,Arkansas Razorbacks,Tennessee Volunteers,draftkings,1.5,158.5,0.5,75.5,False,2026-01-03T19:55:37Z
ebbacdb2033d87704860622ba46cbdd8,2026-01-03T20:30:00Z,Miami (OH) RedHawks,Akron Zips,draftkings,3.5,177.5,1.5,84.5,False,2026-01-03T20:25:37Z
67eefc0f72d8a4e5f6102ab411020029,2026-01-03T20:30:00Z,Bethune-Cookman Wildcats,Florida A&M Rattlers,draftkings,-7.5,145.5,-3.5,68.5,False,2026-01-03T20:25:37Z
8a8572eb213193ff68394dfdc20f349c,2026-01-03T20:30:00Z,Old Dominion Monarchs,Georgia Southern Eagles,draftkings,1.5,161.5,0.5,76.5,False,2026-01-03T20:25:37Z
a7b4479ff4ce2e8ba7b5dd1b94134449,2026-01-03T20:30:00Z,Oklahoma Sooners,Ole Miss Rebels,draftkings,-6.5,146.5,-3.5,69.5,False,2026-01-03T20:25:37Z
2a28878245ab91312ac446cfeb1462bd,2026-01-03T20:30:00Z,UL Monroe Warhawks,Texas State Bobcats,draftkings,10.5,150.5,5.5,71.5,False,2026-01-03T20:25:37Z
4cc1f616bfd6c49d1115b9208d5cd77d,2026-01-03T20:45:00Z,Florida St Seminoles,Duke Blue Devils,draftkings,16.5,163.5,9.5,78.5,False,2026-01-03T20:40:37Z
7c6a3d4a6a1dfe7916bd7247d6b55f15,2026-01-03T21:00:00Z,Abilene Christian Wildcats,Utah Valley Wolverines,draftkings,7.5,139.5,4.5,65.5,False,2026-01-03T20:55:37Z
7f6e362ea60438e92d770cd02c56e08a,2026-01-03T21:00:00Z,Jackson St Tigers,Alcorn St Braves,draftkings,-5.5,145.5,-2.5,68.5,False,2026-01-03T20:55:37Z
0400d1fa519d4c821b8422d08e0711dd,2026-01-03T21:00:00Z,Marshall Thundering Herd,Appalachian St Mountaineers,draftkings,-7.5,141.5,-3.5,66.5,False,2026-01-03T20:55:37Z
4b8a8dce0d5cd258db04705ba70a3fdd,2026-01-03T21:00:00Z,Utah Utes,Arizona Wildcats,draftkings,17.5,162.5,10.5,77.5,False,2026-01-03T20:55:37Z
7a3e4eb6cc2d7e8ab3c4e5d383ccae3e,2026-01-03T21:00:00Z,Arkansas-Little Rock Trojans,Tennessee St Tigers,draftkings,1.5,144.5,0.5,67.5,False,2026-01-03T20:55:37Z
b3a88e40ff8ae69d8f0b8426dbd7ba48,2026-01-03T21:00:00Z,CSU Northridge Matadors,UC Santa Barbara Gauchos,draftkings,-2.5,155.5,-1.5,73.5,False,2026-01-03T20:55:37Z
b6ad3b60944a57bc0cd521733c7d419a,2026-01-03T21:00:00Z,Delaware St Hornets,Coppin St Eagles,draftkings,-8.5,139.5,-5.5,65.5,False,2026-01-03T20:55:37Z
776511deb095b19abddcc49463611110,2026-01-03T21:00:00Z,East Tennessee St Buccaneers,Mercer Bears,draftkings,-7.5,148.5,-4.5,70.5,False,2026-01-03T20:55:37Z
63827f88044a892dd22e230adb087716,2026-01-03T21:00:00Z,Nicholls St Colonels,East Texas A&M Lions,draftkings,-6.5,146.5,-4.5,69.5,False,2026-01-03T20:55:37Z
7e321fc0c52ded619f7dcd9ae329a600,2026-01-03T21:00:00Z,Furman Paladins,Western Carolina Catamounts,draftkings,-8.5,157.5,-4.5,74.5,False,2026-01-03T20:55:37Z
b448c6c06ef2d899ba14c191908c1048,2026-01-03T21:00:00Z,Winthrop Eagles,Gardner-Webb Bulldogs,draftkings,-23.5,164.5,-13.5,79.5,False,2026-01-03T20:55:37Z
080eaa09ae791607235004c0e1e6fcc7,2026-01-03T21:00:00Z,George Mason Patriots,Rhode Island Rams,draftkings,-6.5,139.5,-3.5,65.5,False,2026-01-03T20:55:37Z
180fee6670e573ea70669519a822745c,2026-01-03T21:00:00Z,South Carolina St Bulldogs,Howard Bison,draftkings,8.5,144.5,4.5,68.5,False,2026-01-03T20:55:37Z
1fb3ceb56f5856233e5a2755bd7cb704,2026-01-03T21:00:00Z,Texas A&M Aggies,LSU Tigers,draftkings,-5.5,168.5,-3.5,80.5,False,2026-01-03T20:55:37Z
de208ca983279a26394079301f3655cf,2026-01-03T21:00:00Z,Stony Brook Seawolves,North Carolina A&T Aggies,draftkings,-4.5,141.5,-2.5,66.5,False,2026-01-03T20:55:37Z
af461fb56d9143affd106b847657c767,2026-01-03T21:00:00Z,North Dakota St Bison,Oral Roberts Golden Eagles,draftkings,-13.5,146.5,-7.5,69.5,False,2026-01-03T20:55:37Z
d797ef442c2df9f85d2781b7097f54ac,2026-01-03T21:00:00Z,UNC Greensboro Spartans,Samford Bulldogs,draftkings,2.5,151.5,1.5,70.5,False,2026-01-03T20:55:37Z
ac0a122c84c284e03cfe1ec0970a92a6,2026-01-03T21:00:00Z,Utah State Aggies,San José St Spartans,draftkings,-23.5,151.5,-12.5,71.5,False,2026-01-03T20:55:37Z
0b68b873bec1fa5792eae3bdc8ccef0e,2026-01-03T21:30:00Z,Tenn-Martin Skyhawks,Eastern Illinois Panthers,draftkings,-10.5,133.5,-5.5,62.5,False,2026-01-03T21:25:38Z
e57945b524f49791cd2220e15f1c62ed,2026-01-03T21:30:00Z,Lindenwood Lions,Southern Indiana Screaming Eagles,draftkings,-9.5,147.5,-5.5,69.5,False,2026-01-03T21:25:38Z
6fbbecc1c8e5b9f42fa1cfc5608dec8f,2026-01-03T21:30:00Z,Maryland-Eastern Shore Hawks,Morgan St Bears,draftkings,-6.5,138.5,-3.5,64.5,False,2026-01-03T21:25:38Z
7fd00b215a7647b00f04f5084d6d59e8,2026-01-03T21:30:00Z,SIU-Edwardsville Cougars,Morehead St Eagles,draftkings,-5.5,133.5,-3.5,62.5,False,2026-01-03T21:25:38Z
4c8598d8d1920dc32840a7eb855206c8,2026-01-03T21:30:00Z,Northwestern St Demons,New Orleans Privateers,draftkings,1.5,149.5,0.5,70.5,False,2026-01-03T21:25:38Z
fb26d367dc4601d16b2c23008257f845,2026-01-03T21:30:00Z,North Carolina Central Eagles,Norfolk St Spartans,draftkings,1.5,141.5,0.5,66.5,False,2026-01-03T21:25:38Z
d93e34e43c0d035eb38f99df050fe35e,2026-01-03T21:30:00Z,SE Louisiana Lions,Stephen F. Austin Lumberjacks,draftkings,3.5,137.5,1.5,64.5,False,2026-01-03T21:25:38Z
e8c7585ea3e4016a0a370f8a67a88b45,2026-01-03T21:30:00Z,Troy Trojans,South Alabama Jaguars,draftkings,-9.5,148.5,-5.5,69.5,False,2026-01-03T21:25:38Z
a7cea1fb0587fdc27874b1d38138c5bd,2026-01-03T21:45:00Z,SE Missouri St Redhawks,Western Illinois Leathernecks,draftkings,-13.5,147.5,-7.5,69.5,False,2026-01-03T21:40:37Z
b9229b2cd8eefc659c6976069933dc1e,2026-01-03T22:00:00Z,UNLV Rebels,Air Force Falcons,draftkings,-14.5,142.5,-8.5,67.5,False,2026-01-03T21:55:37Z
cbd03fd6d5e4424effeb2c360034652b,2026-01-03T22:00:00Z,Arizona St Sun Devils,Colorado Buffaloes,draftkings,-1.5,155.5,-0.5,74.5,False,2026-01-03T21:55:37Z
5dac021fe64c1d77b87abdc41b07615a,2026-01-03T22:00:00Z,Austin Peay Governors,Jacksonville Dolphins,draftkings,-10.5,140.5,-5.5,66.5,False,2026-01-03T21:55:37Z
c88f0ef8b340f3d002b7b7928a9bb908,2026-01-03T22:00:00Z,Bucknell Bison,Lehigh Mountain Hawks,draftkings,-4.5,137.5,-2.5,64.5,False,2026-01-03T21:55:37Z
0b768354f2bc86ad62485e9451de24b3,2026-01-03T22:00:00Z,UC Davis Aggies,CSU Bakersfield Roadrunners,draftkings,-9.5,151.5,-5.5,70.5,False,2026-01-03T21:55:37Z
474bc3ab7427744880ddd0dfd9b5882d,2026-01-03T22:00:00Z,Tarleton State Texans,Cal Baptist Lancers,draftkings,-1.5,147.5,-0.5,69.5,False,2026-01-03T21:55:37Z
7ba8a55e2da34a409040b3557b3ef06e,2026-01-03T22:00:00Z,Idaho Vandals,Eastern Washington Eagles,draftkings,-6.5,158.5,-3.5,74.5,False,2026-01-03T21:55:37Z
28bed9b90035aff07400cf654d7e260e,2026-01-03T22:00:00Z,Grambling St Tigers,Prairie View Panthers,draftkings,-7.5,154.5,-3.5,74.5,False,2026-01-03T21:55:37Z
cfe3191c9e73ba9156077610b04cfca3,2026-01-03T22:00:00Z,Incarnate Word Cardinals,Houston Christian Huskies,draftkings,-5.5,141.5,-2.5,66.5,False,2026-01-03T21:55:37Z
ffa2b053225d4c2a504e45f7b1e83abb,2026-01-03T22:00:00Z,Loyola (MD) Greyhounds,Lafayette Leopards,draftkings,1.5,152.5,1.5,72.5,False,2026-01-03T21:55:37Z
d4acd6fbbe29b911cfdd665ba9bfa2f2,2026-01-03T22:00:00Z,Lipscomb Bisons,North Florida Ospreys,draftkings,-18.5,172.5,-10.5,82.5,False,2026-01-03T21:55:37Z
b26be456e1fc307d7b584916e27e8351,2026-01-03T22:00:00Z,Northwestern Wildcats,Minnesota Golden Gophers,draftkings,-4.5,138.5,-2.5,65.5,False,2026-01-03T21:55:37Z
aaeb1edd6be7a629e5e556262ef91aee,2026-01-03T22:30:00Z,UT Rio Grande Valley Vaqueros,Texas A&M-CC Islanders,draftkings,-2.5,137.5,-1.5,64.5,False,2026-01-03T22:25:37Z
1b5259ff5aa5dbde75b5b445dd05b7e5,2026-01-03T23:00:00Z,Miss Valley St Delta Devils,Alabama St Hornets,draftkings,13.5,144.5,7.5,67.5,False,2026-01-03T22:55:37Z
e884c4df7a21d1341670deeb440807c3,2026-01-03T23:00:00Z,Charlotte 49ers,Wichita St Shockers,draftkings,5.5,140.5,3.5,65.5,False,2026-01-03T22:55:37Z
f0911a46d899f58ea93eaf7945f4d9e7,2026-01-03T23:00:00Z,Saint Joseph's Hawks,Davidson Wildcats,draftkings,1.5,139.5,0.5,65.5,False,2026-01-03T22:55:37Z
619476265a958d4fbcefc4bc5b6c3872,2026-01-03T23:00:00Z,Idaho State Bengals,Portland St Vikings,draftkings,-3.5,142.5,-1.5,65.5,False,2026-01-03T22:55:37Z
0c4862bda26f5d7c73990c154bb8d728,2026-01-03T23:00:00Z,Texas Longhorns,Mississippi St Bulldogs,draftkings,-9.5,157.5,-5.5,74.5,False,2026-01-03T22:55:37Z
7a3fa82dbe4c0e02ce67aca669cb8816,2026-01-03T23:00:00Z,Towson Tigers,Monmouth Hawks,draftkings,-8.5,136.5,-4.5,63.5,False,2026-01-03T22:55:37Z
863b2ae67c646bed98d426064250f163,2026-01-03T23:00:00Z,Montana Grizzlies,N Colorado Bears,draftkings,1.5,160.5,0.5,76.5,False,2026-01-03T22:55:37Z
7d77ec4c28b1457ec229706881b9ccc3,2026-01-03T23:00:00Z,Southern Jaguars,Texas Southern Tigers,draftkings,-6.5,153.5,-3.5,72.5,False,2026-01-03T22:55:37Z
3000ec8118f181f7add336c99630cb39,2026-01-03T23:00:31Z,Iowa Hawkeyes,UCLA Bruins,draftkings,-6.5,140.5,-3.5,65.5,False,2026-01-03T22:55:37Z
5688037fe1cb2307793d1432ad0274fb,2026-01-03T23:30:00Z,Arkansas-Pine Bluff Golden Lions,Alabama A&M Bulldogs,draftkings,1.5,149.5,0.5,70.5,False,2026-01-03T23:25:37Z
9a7a3db10777d2e5ac60b6d4204ece88,2026-01-04T00:00:00Z,CSU Fullerton Titans,UC Irvine Anteaters,draftkings,3.5,160.5,1.5,76.5,False,2026-01-03T23:55:37Z
01e1f34b7ddf09359c80db439cae16df,2026-01-04T00:00:00Z,Fresno St Bulldogs,Nevada Wolf Pack,draftkings,4.5,146.5,1.5,69.5,False,2026-01-03T23:55:37Z
6ebb019d692ab0d7c5ca1593d19b7cf2,2026-01-04T00:00:00Z,UNC Wilmington Seahawks,Hampton Pirates,draftkings,-13.5,140.5,-7.5,65.5,False,2026-01-03T23:55:37Z
0e917a3f309143967db06afd5f148001,2026-01-04T00:00:56Z,Penn State Nittany Lions,Illinois Fighting Illini,draftkings,14.5,156.5,8.5,74.5,False,2026-01-04T00:00:44Z
ab3f0efec04c978dc285352a3775f6c5,2026-01-04T01:00:00Z,Grand Canyon Antelopes,Colorado St Rams,draftkings,-6.5,143.5,-3.5,67.5,False,2026-01-04T00:55:37Z
6768882057778f991fedfab718ab374b,2026-01-04T01:00:00Z,Montana St Bobcats,Northern Arizona Lumberjacks,draftkings,-10.5,143.5,-5.5,67.5,False,2026-01-04T00:55:37Z
f688ba8dd0f01863ab8a88392b748940,2026-01-04T01:00:00Z,New Mexico Lobos,Wyoming Cowboys,draftkings,-7.5,151.5,-4.5,71.5,False,2026-01-04T00:55:37Z
b89278ae8664ad3ce92bb173ddd5ee50,2026-01-04T01:00:00Z,Omaha Mavericks,UMKC Kangaroos,draftkings,-8.5,148.5,-4.5,70.5,False,2026-01-04T00:55:37Z
cd02016f4604d99d55519b2abf628ced,2026-01-04T01:00:13Z,Wisconsin Badgers,Purdue Boilermakers,draftkings,5.5,153.5,2.5,72.5,False,2026-01-04T00:55:37Z
3ae2aa915b605eba6decf12174828e45,2026-01-04T01:30:00Z,Missouri Tigers,Florida Gators,draftkings,7.5,154.5,3.5,72.5,False,2026-01-04T01:25:38Z
7fcb4876968b828fc82d6be99e9fcfe7,2026-01-04T01:30:00Z,Southern Utah Thunderbirds,UT-Arlington Mavericks,draftkings,5.5,138.5,2.5,65.5,False,2026-01-04T01:25:38Z
5ed820e7a099d7fbde9528b11deef0b3,2026-01-04T02:00:00Z,Long Beach St 49ers,Cal Poly Mustangs,draftkings,-2.5,162.5,-0.5,77.5,False,2026-01-04T01:55:37Z
12e77d14444c5df3ac6d9688377f2006,2026-01-04T02:00:00Z,Weber State Wildcats,Sacramento St Hornets,draftkings,-6.5,168.5,-3.5,79.5,False,2026-01-04T01:55:37Z
30f1ee170f7c4174bbfea74f8ce14347,2026-01-04T03:00:00Z,San Diego St Aztecs,Boise State Broncos,draftkings,-4.5,138.5,-2.5,65.5,False,2026-01-04T02:55:37Z
5f6228bdfe4ce73bb2da3ee32025f1bd,2026-01-04T03:00:00Z,UC San Diego Tritons,Hawai'i Rainbow Warriors,draftkings,-2.5,147.5,-1.5,68.5,False,2026-01-04T02:55:37Z
3266c41978fa9117afc96da9e4706d20,2026-01-04T17:00:00Z,Canisius Golden Griffins,Sacred Heart Pioneers,draftkings,5.5,141.5,2.5,66.5,False,2026-01-04T16:55:37Z
bdb710048f992f3e877da75d7af97ccc,2026-01-04T17:00:00Z,Seton Hall Pirates,Creighton Bluejays,draftkings,-3.5,143.5,-1.5,67.5,False,2026-01-04T16:55:37Z
0184382d4328eb0f213776429c1e94d2,2026-01-04T17:00:00Z,Fordham Rams,Richmond Spiders,draftkings,2.5,142.5,1.5,66.5,False,2026-01-04T16:55:37Z
ac86c98058b56a33f408ea8e99a3b251,2026-01-04T17:00:00Z,Merrimack Warriors,Manhattan Jaspers,draftkings,-6.5,148.5,-3.5,69.5,False,2026-01-04T16:55:37Z
f068390dfae0703420dc366374d33e41,2026-01-04T18:00:00Z,Central Connecticut St Blue Devils,New Haven Chargers,draftkings,-7.5,130.5,-4.5,61.5,False,2026-01-04T17:55:37Z
68994f60295e4167f85656b44df5e37e,2026-01-04T18:00:00Z,St. Thomas (MN) Tommies,Denver Pioneers,draftkings,-11.5,163.5,-6.5,77.5,False,2026-01-04T17:55:37Z
317e66e5703bb8f7faac484bc819589f,2026-01-04T18:00:00Z,Tulane Green Wave,Florida Atlantic Owls,draftkings,3.5,158.5,1.5,73.5,False,2026-01-04T17:55:37Z
e52348babd3af9e6a04c9b7c3470bbd5,2026-01-04T18:00:00Z,South Florida Bulls,UAB Blazers,draftkings,-8.5,163.5,-4.5,78.5,False,2026-01-04T17:55:37Z
8e995208b1565fc7a84763698ee3b20f,2026-01-04T19:00:00Z,Chicago St Cougars,LIU Sharks,draftkings,7.5,151.5,4.5,71.5,False,2026-01-04T18:55:37Z
d6da7124eb05db0520b6686666ec5f17,2026-01-04T19:00:00Z,Fort Wayne Mastodons,Cleveland St Vikings,draftkings,-10.5,159.5,-5.5,75.5,False,2026-01-04T18:55:37Z
66bdb4a4713910709bc1864d5f68c95c,2026-01-04T19:00:00Z,Delaware Blue Hens,Kennesaw St Owls,draftkings,8.5,148.5,4.5,70.5,False,2026-01-04T18:55:37Z
3db75a234ab53ddbba8a8b76bc56d4b2,2026-01-04T19:00:00Z,Niagara Purple Eagles,Fairfield Stags,draftkings,3.5,138.5,1.5,64.5,False,2026-01-04T18:55:37Z
ae9cd58e51acad90c8864aa358fdd940,2026-01-04T19:00:00Z,IUPUI Jaguars,Wright St Raiders,draftkings,8.5,162.5,4.5,77.5,False,2026-01-04T18:55:37Z
933f78b83db7de47d96d637354281bd9,2026-01-04T19:00:00Z,Marist Red Foxes,Iona Gaels,draftkings,-4.5,148.5,-2.5,69.5,False,2026-01-04T18:55:37Z
e6a1641498fae58bdff97e5f7f06e7af,2026-01-04T19:00:00Z,Liberty Flames,Jacksonville St Gamecocks,draftkings,-9.5,134.5,-5.5,63.5,False,2026-01-04T18:55:37Z
356219c815328ad668aed147f35035af,2026-01-04T19:00:00Z,Mercyhurst Lakers,Le Moyne Dolphins,draftkings,-2.5,141.5,-1.5,66.5,False,2026-01-04T18:55:37Z
843ba0f61a408c2840a74a210ded9c91,2026-01-04T19:00:00Z,UConn Huskies,Marquette Golden Eagles,draftkings,-17.5,144.5,-10.5,68.5,False,2026-01-04T18:55:37Z
eef2c9b1781b99b83aaf55570fd76766,2026-01-04T19:00:00Z,Middle Tennessee Blue Raiders,Sam Houston St Bearkats,draftkings,-4.5,157.5,-2.5,74.5,False,2026-01-04T18:55:37Z
385f0f6b5819cea8f2d1f38368650227,2026-01-04T19:00:00Z,Quinnipiac Bobcats,Mt. St. Mary's Mountaineers,draftkings,-7.5,150.5,-4.5,71.5,False,2026-01-04T18:55:37Z
ddcffe7ce9532d6b12da6963c34a98cf,2026-01-04T19:00:00Z,Rider Broncs,Siena Saints,draftkings,8.5,135.5,4.5,63.5,False,2026-01-04T18:55:37Z
ebefbed41e2382e95bf28908c1a55395,2026-01-04T20:00:00Z,Drake Bulldogs,Indiana St Sycamores,draftkings,-6.5,149.5,-3.5,70.5,False,2026-01-04T19:55:37Z
70799ceb1b980098e5f8d4be19e13c45,2026-01-04T20:00:00Z,Western Kentucky Hilltoppers,Louisiana Tech Bulldogs,draftkings,-9.5,145.5,-4.5,67.5,False,2026-01-04T19:55:37Z
0bf1488b44ebc03661fe1a2d14c4ae81,2026-01-04T20:00:00Z,Missouri St Bears,New Mexico St Aggies,draftkings,-1.5,134.5,-0.5,62.5,False,2026-01-04T19:55:37Z
900530bda5062ae17bc07dd55be0c09a,2026-01-04T20:00:00Z,Oakland Golden Grizzlies,Robert Morris Colonials,draftkings,-2.5,161.5,-1.5,76.5,False,2026-01-04T19:55:37Z
9f920497f9e90c7fa968398db0f5db36,2026-01-04T20:00:00Z,Valparaiso Beacons,UIC Flames,draftkings,-2.5,144.5,-1.5,67.5,False,2026-01-04T19:55:37Z
7967e4bf8a69c405dae2c19fafad39da,2026-01-04T21:00:00Z,Evansville Purple Aces,Northern Iowa Panthers,draftkings,5.5,129.5,2.5,60.5,False,2026-01-04T20:55:37Z
83c4ca9b8f5a4c82887add5bf0510a01,2026-01-04T21:00:00Z,St. Francis (PA) Red Flash,Fairleigh Dickinson Knights,draftkings,2.5,143.5,0.5,67.5,False,2026-01-04T20:55:37Z
d8d4a8675785095127a715aff904bc29,2026-01-04T21:00:00Z,Florida Int'l Golden Panthers,UTEP Miners,draftkings,-6.5,152.5,-3.5,72.5,False,2026-01-04T20:55:37Z
978e8cc5c5e00895f39671ab83207e0c,2026-01-04T21:00:00Z,North Texas Mean Green,Tulsa Golden Hurricane,draftkings,2.5,138.5,1.5,64.5,False,2026-01-04T20:55:37Z
86e22445f21b1382a6ed1ab0adc908ca,2026-01-04T21:00:00Z,Northern Kentucky Norse,Youngstown St Penguins,draftkings,-4.5,146.5,-2.5,69.5,False,2026-01-04T20:55:37Z
c070a9b61fd49fbd3dfcaa6d3a41523e,2026-01-04T21:00:00Z,Wagner Seahawks,Stonehill Skyhawks,draftkings,-7.5,139.5,-4.5,65.5,False,2026-01-04T20:55:37Z
abc64073efec343059057878d2e4b17c,2026-01-04T22:00:00Z,Belmont Bruins,Southern Illinois Salukis,draftkings,-6.5,158.5,-3.5,75.5,False,2026-01-04T21:55:37Z
f4fadac53aa0a93321fafe4e8e3a167c,2026-01-04T22:00:00Z,Murray St Racers,Bradley Braves,draftkings,-5.5,162.5,-3.5,77.5,False,2026-01-04T21:55:37Z
a23acde025fe8ced9cf8293f5ce5c28c,2026-01-05T00:00:00Z,Pacific Tigers,Pepperdine Waves,draftkings,-11.5,138.5,-6.5,65.5,False,2026-01-04T23:55:37Z
43c969ee85b4eb0826e028d73380ccfe,2026-01-05T00:00:00Z,San Francisco Dons,Portland Pilots,draftkings,-11.5,146.5,-6.5,70.5,False,2026-01-04T23:55:37Z
21f68b14344b13e5243b5bc283109157,2026-01-05T00:00:00Z,Santa Clara Broncos,San Diego Toreros,draftkings,-17.5,161.5,-9.5,76.5,False,2026-01-04T23:55:37Z
b67d8c7b2c4fc69b35c6042148e74111,2026-01-05T00:30:00Z,Washington St Cougars,Oregon St Beavers,draftkings,-6.5,140.5,-3.5,66.5,False,2026-01-05T00:25:37Z
0492ef4ede80dcc76d7732762527226a,2026-01-05T01:00:00Z,Indiana Hoosiers,Washington Huskies,draftkings,-9.5,152.5,-4.5,72.5,False,2026-01-05T00:55:38Z
b6bfc643d7bd18f239377411a34d2596,2026-01-05T01:00:00Z,Saint Mary's Gaels,Seattle Redhawks,draftkings,-11.5,139.5,-6.5,65.5,False,2026-01-05T00:55:38Z
848999e09117b96aade9deb7d95a420b,2026-01-05T02:00:00Z,Gonzaga Bulldogs,Loyola Marymount Lions,draftkings,-25.5,153.5,-13.5,73.5,False,2026-01-05T01:55:37Z
f2b81a5d915a2e46a5d9acfa2b2dbde4,2026-01-05T22:00:00Z,Cornell Big Red,Columbia Lions,draftkings,-3.5,171.5,-1.5,81.5,False,2026-01-05T21:55:37Z
9ab36d72278bdbbda627e8d8b25c38c5,2026-01-05T23:30:00Z,Arkansas-Pine Bluff Golden Lions,Alabama St Hornets,draftkings,1.5,159.5,0.5,75.5,False,2026-01-05T23:25:37Z
dfb4201cacb016c40ebe45bc2998c2ac,2026-01-05T23:30:23Z,Ohio State Buckeyes,Nebraska Cornhuskers,draftkings,-2.5,155.5,-1.5,73.5,False,2026-01-05T23:25:37Z
16ff1cb4fca0f3948434c66deb14a906,2026-01-06T00:00:00Z,Brown Bears,Yale Bulldogs,draftkings,8.5,142.5,4.5,67.5,False,2026-01-05T23:55:37Z
1ceece750c7d7f879a521f8a072271a9,2026-01-06T00:00:00Z,Charleston Cougars,William & Mary Tribe,draftkings,-3.5,165.5,-1.5,78.5,False,2026-01-05T23:55:37Z
955a67941c3dad843ecc525c70205060,2026-01-06T00:00:00Z,Harvard Crimson,Dartmouth Big Green,draftkings,-7.5,148.5,-4.5,69.5,False,2026-01-05T23:55:37Z
b3923bd5fbc91b4c32557c77ccdcb1b7,2026-01-06T00:00:00Z,Green Bay Phoenix,Milwaukee Panthers,draftkings,3.5,144.5,1.5,67.5,False,2026-01-05T23:55:37Z
c4edd83dd4ec467bcb6c829250ecf620,2026-01-06T00:00:00Z,SE Louisiana Lions,Lamar Cardinals,draftkings,1.5,136.5,0.5,63.5,False,2026-01-05T23:55:37Z
3ba4bc74fa6c54be35fb1a3ddb4b868e,2026-01-06T00:00:00Z,Rutgers Scarlet Knights,Oregon Ducks,draftkings,4.5,139.5,2.5,65.5,False,2026-01-05T23:55:37Z
5cf11cbc5b77d58ef3ad4e6089a19377,2026-01-06T00:00:00Z,Princeton Tigers,Pennsylvania Quakers,draftkings,-3.5,145.5,-1.5,68.5,False,2026-01-05T23:55:37Z
0e2307755cf1242c4596871c8965279b,2026-01-06T00:00:00Z,Southern Jaguars,Prairie View Panthers,draftkings,-7.5,160.5,-4.5,76.5,False,2026-01-05T23:55:37Z
b5cb554c821156ebe1553b06af87e250,2026-01-06T00:30:00Z,Grambling St Tigers,Texas Southern Tigers,draftkings,-5.5,146.5,-3.5,68.5,False,2026-01-06T00:25:37Z
2b65e6db3073e9fb59a8693c8c92244d,2026-01-06T00:30:00Z,UT Rio Grande Valley Vaqueros,Incarnate Word Cardinals,draftkings,-1.5,145.5,-0.5,68.5,False,2026-01-06T00:25:37Z
2ef6071212e6be9357bea5c386946ff1,2026-01-06T00:30:00Z,McNeese Cowboys,Stephen F. Austin Lumberjacks,draftkings,-10.5,144.5,-5.5,68.5,False,2026-01-06T00:25:37Z
c97ee405e02f09116fa108615005b29e,2026-01-06T00:30:00Z,Nicholls St Colonels,Northwestern St Demons,draftkings,-8.5,144.5,-4.5,67.5,False,2026-01-06T00:25:37Z
174052b1708a2765b1a4a0f1a3a1b5ea,2026-01-06T01:00:00Z,Miss Valley St Delta Devils,Alabama A&M Bulldogs,draftkings,10.5,135.5,5.5,63.5,False,2026-01-06T00:55:37Z
1249723cc4eb70b2e564146177e44c2d,2026-01-06T01:00:00Z,New Orleans Privateers,East Texas A&M Lions,draftkings,-6.5,150.5,-4.5,71.5,False,2026-01-06T00:55:37Z
e1405c0269b8be5430d28a8405bd338e,2026-01-06T01:00:00Z,Houston Christian Huskies,Texas A&M-CC Islanders,draftkings,3.5,132.5,1.5,62.5,False,2026-01-06T00:55:37Z
95c4fa67fab50d74ee59ff1b20831e1f,2026-01-06T01:30:11Z,Michigan St Spartans,USC Trojans,draftkings,-11.5,150.5,-6.5,71.5,False,2026-01-06T01:25:37Z
23dcb2e82a30a1ec7fcfff7535240093,2026-01-06T23:00:00Z,Ohio Bobcats,Massachusetts Minutemen,draftkings,-4.5,159.5,-2.5,75.5,False,2026-01-06T19:50:38Z
9a9cec73db8b987bce81e934a53ce059,2026-01-07T00:00:00Z,Akron Zips,Central Michigan Chippewas,draftkings,-23.5,164.5,-13.5,78.5,False,2026-01-06T19:50:38Z
009176da27d8c938daab9aa29cde4246,2026-01-07T00:00:00Z,Ball State Cardinals,Eastern Michigan Eagles,draftkings,-1.5,138.5,-0.5,64.5,False,2026-01-06T19:50:38Z
1575bff8ec463c8cd8d6babd09ed2666,2026-01-07T00:00:00Z,Kent State Golden Flashes,Bowling Green Falcons,draftkings,-2.5,155.5,-1.5,74.5,False,2026-01-06T19:50:38Z
629f4e71eb8de03f4bdfd19263e57e71,2026-01-07T00:00:00Z,Butler Bulldogs,St. John's Red Storm,draftkings,4.5,164.5,2.5,77.5,False,2026-01-06T19:50:38Z
e57d8ebbb2c689153a4370b306b10385,2026-01-07T00:00:00Z,West Virginia Mountaineers,Cincinnati Bearcats,draftkings,-1.5,132.5,-0.5,62.5,False,2026-01-06T19:50:38Z
6e8b8955cb26d0ccd10410b8a5f2aeb4,2026-01-07T00:00:00Z,Louisville Cardinals,Duke Blue Devils,draftkings,-1.5,161.5,-0.5,77.5,False,2026-01-06T19:50:38Z
6861ca088cecf61ae52f72770fdf2cf2,2026-01-07T00:00:00Z,Florida Gators,Georgia Bulldogs,draftkings,-9.5,174.5,-5.5,83.5,False,2026-01-06T19:50:38Z
d3a907a33895e99c1afef53a08010414,2026-01-07T00:00:00Z,Georgia Tech Yellow Jackets,Syracuse Orange,draftkings,2.5,147.5,1.5,69.5,False,2026-01-06T19:50:38Z
d44fa51dacdcb83e3df330a5b54dbbff,2026-01-07T00:00:00Z,LSU Tigers,South Carolina Gamecocks,draftkings,-7.5,146.5,-4.5,69.5,False,2026-01-06T19:50:38Z
99d8bec7a7278d71bb98421ac6a3434e,2026-01-07T00:00:00Z,Miami (OH) RedHawks,Western Michigan Broncos,draftkings,-13.5,160.5,-7.5,76.5,False,2026-01-06T19:50:38Z
fd015599a3ca122b800f711a6cb464f3,2026-01-07T00:00:00Z,Penn State Nittany Lions,Michigan Wolverines,draftkings,21.5,166.5,12.5,79.5,False,2026-01-06T19:50:38Z
91e74b01ba92f015d505913c786e607c,2026-01-07T01:00:00Z,Dayton Flyers,GW Revolutionaries,draftkings,-2.5,154.5,-1.5,73.5,False,2026-01-06T19:50:38Z
137d1255eda2141463185a3be89fb141,2026-01-07T01:00:00Z,DePaul Blue Demons,Georgetown Hoyas,draftkings,-2.5,144.5,-1.5,68.5,False,2026-01-06T19:50:38Z
c8599a98653b831896c35c5508f2f9b8,2026-01-07T01:00:00Z,Minnesota Golden Gophers,Iowa Hawkeyes,draftkings,5.5,132.5,2.5,61.5,False,2026-01-06T19:50:38Z
785db5cb590a7ee53c9beb2a783f9c81,2026-01-07T01:00:00Z,Northern Illinois Huskies,Toledo Rockets,draftkings,7.5,160.5,4.5,76.5,False,2026-01-06T19:50:38Z
02592130e7bb76fd1be97581d506e878,2026-01-07T01:00:00Z,Oklahoma St Cowboys,UCF Knights,draftkings,-2.5,174.5,-1.5,82.5,False,2026-01-06T19:50:38Z
a762cf4f18b7d2a76a25ed87c254d3c0,2026-01-07T01:30:00Z,SIU-Edwardsville Cougars,Lindenwood Lions,draftkings,1.5,143.5,0.5,67.5,False,2026-01-06T19:50:38Z
3680d75ed8f0cfc176f98c0b40ea475d,2026-01-07T02:00:00Z,Air Force Falcons,Utah State Aggies,draftkings,21.5,138.5,12.5,65.5,False,2026-01-06T19:50:38Z
384c5534c07fdf1dcecd68a04721ce40,2026-01-07T02:00:00Z,Auburn Tigers,Texas A&M Aggies,draftkings,-6.5,165.5,-3.5,78.5,False,2026-01-06T19:50:38Z
895f55eed6b9573968fedf09f87380c1,2026-01-07T02:00:00Z,Boston College Eagles,NC State Wolfpack,draftkings,13.5,140.5,7.5,66.5,False,2026-01-06T19:50:38Z
301e946f0c84aedc1b338647ffb86404,2026-01-07T02:00:00Z,Colorado St Rams,New Mexico Lobos,draftkings,1.5,141.5,0.5,66.5,False,2026-01-06T19:50:38Z
dab0c33b0886f0158c6b83ac9f1ceeab,2026-01-07T02:00:00Z,Houston Cougars,Texas Tech Red Raiders,draftkings,-6.5,142.5,-3.5,66.5,False,2026-01-06T19:50:38Z
314491d2a4532caf0fb4e25c0a7edb62,2026-01-07T02:00:00Z,Kansas Jayhawks,TCU Horned Frogs,draftkings,-7.5,140.5,-4.5,65.5,False,2026-01-06T19:50:38Z
a02e13482759626f1da76073ea1b1696,2026-01-07T02:00:00Z,Tennessee Volunteers,Texas Longhorns,draftkings,-10.5,150.5,-5.5,71.5,False,2026-01-06T19:50:38Z
c484d72e371651c60626ecc1c58ddaa6,2026-01-07T02:00:00Z,Wisconsin Badgers,UCLA Bruins,draftkings,-3.5,152.5,-1.5,72.5,False,2026-01-06T19:50:38Z
ca26c757d4691fa17ef465a2d5284b8f,2026-01-07T03:00:00Z,San José St Spartans,Fresno St Bulldogs,draftkings,-1.5,149.5,-0.5,70.5,False,2026-01-06T19:50:38Z
3d719a03f63b04d8d52a928e1456bf11,2026-01-07T03:00:00Z,Wyoming Cowboys,UNLV Rebels,draftkings,-3.5,154.5,-1.5,73.5,False,2026-01-06T19:50:38Z
d684744c65b56baf1ea90a2add7104cc,2026-01-07T04:00:00Z,Nevada Wolf Pack,San Diego St Aztecs,draftkings,-1.5,141.5,-0.5,66.5,False,2026-01-06T19:50:38Z
